Make,Model,Year,QIRRate,DefectRate,Composite score,Filter,Make and model,,Unique makes,Unique models
BMW,X1,2015,,0,1,TRUE,BMW X1,,Acura,Acura CL
Acura,ZDX,2015,,1,0.979166667,TRUE,Acura ZDX,,Audi,Acura Integra
Audi,A7,2014,,1,0.979166667,TRUE,Audi A7,,BMW,Acura Legend
Audi,A7,2015,,1,0.979166667,TRUE,Audi A7,,Buick,Acura MDX
Audi,R8,2012,,1,0.979166667,TRUE,Audi R8,,Cadillac,Acura RDX
Lincoln,MKX,2019,,1,0.979166667,TRUE,Lincoln MKX,,Chevrolet,Acura RL
Porsche,911,2017,,1,0.979166667,TRUE,Porsche 911,,Chrysler,Acura RSX
Porsche,911,2018,,1,0.979166667,TRUE,Porsche 911,,Dodge,Acura SLX
Porsche,911,2019,,1,0.979166667,TRUE,Porsche 911,,Ford,Acura TL
Volvo,V90,2014,,1,0.979166667,TRUE,Volvo V90,,GMC,Acura TSX
Volvo,V90,2015,,1,0.979166667,TRUE,Volvo V90,,Honda,Acura Vigor
Acura,Legend,2014,,2,0.958333333,TRUE,Acura Legend,,Hyundai,Acura ZDX
Audi,R8,2014,,2,0.958333333,TRUE,Audi R8,,Jeep,Audi A3
Audi,R8,2015,,2,0.958333333,TRUE,Audi R8,,Kia,Audi A5
BMW,X1,2012,,2,0.958333333,TRUE,BMW X1,,Lincoln,Audi A6
Jeep,Wrangler,2019,,2,0.958333333,TRUE,Jeep Wrangler,,Mazda,Audi A7
Chevrolet,Corvette,1996,98,5,0.937916667,TRUE,Chevrolet Corvette,,Mercedes-Benz,Audi Q7
Acura,RDX,2019,,3,0.9375,TRUE,Acura RDX,,MINI,Audi R8
Acura,Vigor,2015,,3,0.9375,TRUE,Acura Vigor,,Nissan,Audi TT
Audi,R8,2013,,3,0.9375,TRUE,Audi R8,,Porsche,BMW 3_Series
Chevrolet,Volt,2015,,3,0.9375,TRUE,Chevrolet Volt,,Scion,BMW 5_Series
Mazda,MX-5,2008,95,4,0.933333333,TRUE,Mazda MX-5,,Subaru,BMW M5
Mazda,MX-5,2002,97,5,0.932916667,TRUE,Mazda MX-5,,Toyota,BMW X1
Mazda,MX-5,2003,97,5,0.932916667,TRUE,Mazda MX-5,,Volkswagen,BMW Z4
Chevrolet,Corvette,1998,98,6,0.9275,TRUE,Chevrolet Corvette,,Volvo,Buick Enclave
Chevrolet,Corvette,1999,98,6,0.9275,TRUE,Chevrolet Corvette,,,Buick LaCrosse
Chevrolet,Corvette,2000,98,6,0.9275,TRUE,Chevrolet Corvette,,,Cadillac Escalade
Chevrolet,Corvette,2001,98,6,0.9275,TRUE,Chevrolet Corvette,,,Chevrolet Corvette
Chevrolet,Corvette,2002,98,6,0.9275,TRUE,Chevrolet Corvette,,,Chevrolet Impala
Porsche,911,2013,98,6,0.9275,TRUE,Porsche 911,,,Chevrolet Tahoe
BMW,X1,2009,,3.5,0.927083333,TRUE,BMW X1,,,Chevrolet Volt
BMW,X1,2010,,3.5,0.927083333,TRUE,BMW X1,,,Chrysler 300
Mazda,MX-5,2009,95,5,0.922916667,TRUE,Mazda MX-5,,,Dodge Challenger
Toyota,Tacoma,2018,98,7,0.917083333,TRUE,Toyota Tacoma,,,Ford Expedition
Acura,Legend,2015,,4,0.916666667,TRUE,Acura Legend,,,Ford Explorer
Acura,TSX,2015,,4,0.916666667,TRUE,Acura TSX,,,Ford Mustang
Acura,ZDX,2012,,4,0.916666667,TRUE,Acura ZDX,,,GMC Acadia
Acura,ZDX,2014,,4,0.916666667,TRUE,Acura ZDX,,,Honda Accord
BMW,X1,2011,,4,0.916666667,TRUE,BMW X1,,,Honda Civic
Mazda,Mazda5,2015,,4,0.916666667,TRUE,Mazda Mazda5,,,Honda CR-V
Porsche,911,2014,,4,0.916666667,TRUE,Porsche 911,,,Honda Fit
Porsche,911,2015,,4,0.916666667,TRUE,Porsche 911,,,Honda Odyssey
Mazda,MX-5,2006,95,6,0.9125,TRUE,Mazda MX-5,,,Hyundai Elantra
Mazda,MX-5,2007,95,6,0.9125,TRUE,Mazda MX-5,,,Jeep Wrangler
Honda,Accord,2018,97,7,0.912083333,TRUE,Honda Accord,,,Kia Forte
Mazda,MX-5,2004,97,7,0.912083333,TRUE,Mazda MX-5,,,Kia Optima
Toyota,4Runner,2018,97,7,0.912083333,TRUE,Toyota 4Runner,,,Kia Rio
Toyota,Tacoma,2007,97,7,0.912083333,TRUE,Toyota Tacoma,,,Lincoln MKX
Toyota,Tacoma,2008,97,7,0.912083333,TRUE,Toyota Tacoma,,,Lincoln Navigator
Mazda,MX-5,2005,95,7,0.902083333,TRUE,Mazda MX-5,,,Mazda CX-5
Mazda,MX-5,2010,95,7,0.902083333,TRUE,Mazda MX-5,,,Mazda Mazda3
Toyota,Sienna,2018,95,7,0.902083333,TRUE,Toyota Sienna,,,Mazda Mazda5
Toyota,Tacoma,2009,95,7,0.902083333,TRUE,Toyota Tacoma,,,Mazda Mazda6
Toyota,Tacoma,2010,95,7,0.902083333,TRUE,Toyota Tacoma,,,Mazda MX-5
Toyota,Tacoma,2011,95,7,0.902083333,TRUE,Toyota Tacoma,,,Mercedes-Benz E_Class
Toyota,Tacoma,2006,97,8,0.901666667,TRUE,Toyota Tacoma,,,MINI Cooper
Chevrolet,Corvette,1997,98,9,0.89625,TRUE,Chevrolet Corvette,,,Nissan Leaf
Mazda,MX-5,2011,95,8,0.891666667,TRUE,Mazda MX-5,,,Nissan Xterra
Toyota,Tacoma,2004,95,8,0.891666667,TRUE,Toyota Tacoma,,,Porsche 911
Toyota,Tacoma,2005,95,8,0.891666667,TRUE,Toyota Tacoma,,,Porsche Cayman
Mazda,MX-5,2001,97,9,0.89125,TRUE,Mazda MX-5,,,Scion iQ
Porsche,911,1998,78,0,0.89,TRUE,Porsche 911,,,Subaru Impreza
Chevrolet,Tahoe,2014,95,9,0.88125,TRUE,Chevrolet Tahoe,,,Subaru Legacy
Honda,Accord,2017,97,10,0.880833333,TRUE,Honda Accord,,,Subaru Outback
Porsche,911,2007,88,6,0.8775,TRUE,Porsche 911,,,Toyota 4Runner
Honda,Civic,2018,98,11,0.875416667,TRUE,Honda Civic,,,Toyota Avalon
Toyota,Prius,2018,98,11,0.875416667,TRUE,Toyota Prius,,,Toyota Camry
Acura,ZDX,2011,,6,0.875,TRUE,Acura ZDX,,,Toyota Corolla
Audi,Q7,2019,,6,0.875,TRUE,Audi Q7,,,Toyota Highlander
Audi,R8,2011,,6,0.875,TRUE,Audi R8,,,Toyota Prius
Chevrolet,Volt,2013,,6,0.875,TRUE,Chevrolet Volt,,,Toyota Sequoia
GMC,Acadia,2019,,6,0.875,TRUE,GMC Acadia,,,Toyota Sienna
Honda,CR-V,2019,,6,0.875,TRUE,Honda CR-V,,,Toyota Tacoma
Porsche,911,2009,,6,0.875,TRUE,Porsche 911,,,Toyota Tundra
Porsche,911,2012,,6,0.875,TRUE,Porsche 911,,,Toyota Yaris
Porsche,911,2016,,6,0.875,TRUE,Porsche 911,,,Volkswagen CC
Subaru,Impreza,2019,,6,0.875,TRUE,Subaru Impreza,,,Volkswagen Eos
Volvo,V90,2013,,6,0.875,TRUE,Volvo V90,,,Volkswagen Golf
Volvo,XC70,2014,,6,0.875,TRUE,Volvo XC70,,,Volvo S60
GMC,Acadia,2018,95,10,0.870833333,TRUE,GMC Acadia,,,Volvo S80
Honda,Odyssey,2018,95,10,0.870833333,TRUE,Honda Odyssey,,,Volvo V90
Toyota,Tacoma,2003,95,10,0.870833333,TRUE,Toyota Tacoma,,,Volvo XC60
Jeep,Wrangler,2017,97,11,0.870416667,TRUE,Jeep Wrangler,,,Volvo XC70
Mazda,MX-5,2000,92,9,0.86625,TRUE,Mazda MX-5,,,
Toyota,Highlander,2018,96,11,0.865416667,TRUE,Toyota Highlander,,,
BMW,5_Series,2017,98,12,0.865,TRUE,BMW 5_Series,,,
Subaru,Impreza,2017,95,11,0.860416667,TRUE,Subaru Impreza,,,
Toyota,Tundra,2018,95,11,0.860416667,TRUE,Toyota Tundra,,,
Jeep,Wrangler,2016,97,12,0.86,TRUE,Jeep Wrangler,,,
Acura,CL,2019,,7,0.854166667,TRUE,Acura CL,,,
Acura,MDX,2019,,7,0.854166667,TRUE,Acura MDX,,,
Acura,RL,2019,,7,0.854166667,TRUE,Acura RL,,,
Acura,RSX,2018,,7,0.854166667,TRUE,Acura RSX,,,
Acura,RSX,2019,,7,0.854166667,TRUE,Acura RSX,,,
Acura,TSX,2019,,7,0.854166667,TRUE,Acura TSX,,,
Acura,Vigor,2014,,7,0.854166667,TRUE,Acura Vigor,,,
Audi,A3,2019,,7,0.854166667,TRUE,Audi A3,,,
Audi,A5,2018,,7,0.854166667,TRUE,Audi A5,,,
Audi,A5,2019,,7,0.854166667,TRUE,Audi A5,,,
Audi,A6,2018,,7,0.854166667,TRUE,Audi A6,,,
Audi,A7,2013,,7,0.854166667,TRUE,Audi A7,,,
Audi,R8,2009,,7,0.854166667,TRUE,Audi R8,,,
BMW,3_Series,2019,,7,0.854166667,TRUE,BMW 3_Series,,,
BMW,5_Series,2018,,7,0.854166667,TRUE,BMW 5_Series,,,
BMW,X1,2013,,7,0.854166667,TRUE,BMW X1,,,
BMW,Z4,2019,,7,0.854166667,TRUE,BMW Z4,,,
Buick,Enclave,2019,,7,0.854166667,TRUE,Buick Enclave,,,
Buick,LaCrosse,2018,,7,0.854166667,TRUE,Buick LaCrosse,,,
Buick,LaCrosse,2019,,7,0.854166667,TRUE,Buick LaCrosse,,,
Cadillac,Escalade,2019,,7,0.854166667,TRUE,Cadillac Escalade,,,
Chevrolet,Corvette,2019,,7,0.854166667,TRUE,Chevrolet Corvette,,,
Chevrolet,Impala,2019,,7,0.854166667,TRUE,Chevrolet Impala,,,
Chevrolet,Tahoe,2019,,7,0.854166667,TRUE,Chevrolet Tahoe,,,
Chevrolet,Volt,2010,,7,0.854166667,TRUE,Chevrolet Volt,,,
Chevrolet,Volt,2011,,7,0.854166667,TRUE,Chevrolet Volt,,,
Chevrolet,Volt,2014,,7,0.854166667,TRUE,Chevrolet Volt,,,
Chrysler,300,2019,,7,0.854166667,TRUE,Chrysler 300,,,
Dodge,Challenger,2018,,7,0.854166667,TRUE,Dodge Challenger,,,
Dodge,Challenger,2019,,7,0.854166667,TRUE,Dodge Challenger,,,
Honda,Accord,2019,,7,0.854166667,TRUE,Honda Accord,,,
Honda,Civic,2019,,7,0.854166667,TRUE,Honda Civic,,,
Honda,CR-V,2018,,7,0.854166667,TRUE,Honda CR-V,,,
Honda,Fit,2019,,7,0.854166667,TRUE,Honda Fit,,,
Honda,Odyssey,2019,,7,0.854166667,TRUE,Honda Odyssey,,,
Jeep,Wrangler,2018,,7,0.854166667,TRUE,Jeep Wrangler,,,
Mazda,CX-5,2019,,7,0.854166667,TRUE,Mazda CX-5,,,
Mazda,Mazda3,2019,,7,0.854166667,TRUE,Mazda Mazda3,,,
Mazda,Mazda5,2019,,7,0.854166667,TRUE,Mazda Mazda5,,,
Mazda,Mazda6,2019,,7,0.854166667,TRUE,Mazda Mazda6,,,
Mazda,MX-5,2018,,7,0.854166667,TRUE,Mazda MX-5,,,
Mazda,MX-5,2019,,7,0.854166667,TRUE,Mazda MX-5,,,
MINI,Cooper,2019,,7,0.854166667,TRUE,MINI Cooper,,,
Nissan,Leaf,2019,,7,0.854166667,TRUE,Nissan Leaf,,,
Nissan,Xterra,2015,,7,0.854166667,TRUE,Nissan Xterra,,,
Nissan,Xterra,2019,,7,0.854166667,TRUE,Nissan Xterra,,,
Porsche,Cayman,2019,,7,0.854166667,TRUE,Porsche Cayman,,,
Scion,iQ,2018,,7,0.854166667,TRUE,Scion iQ,,,
Scion,iQ,2019,,7,0.854166667,TRUE,Scion iQ,,,
Subaru,Legacy,2019,,7,0.854166667,TRUE,Subaru Legacy,,,
Subaru,Outback,2019,,7,0.854166667,TRUE,Subaru Outback,,,
Toyota,4Runner,2019,,7,0.854166667,TRUE,Toyota 4Runner,,,
Toyota,Avalon,2019,,7,0.854166667,TRUE,Toyota Avalon,,,
Toyota,Camry,2019,,7,0.854166667,TRUE,Toyota Camry,,,
Toyota,Corolla,2019,,7,0.854166667,TRUE,Toyota Corolla,,,
Toyota,Highlander,2019,,7,0.854166667,TRUE,Toyota Highlander,,,
Toyota,Prius,2019,,7,0.854166667,TRUE,Toyota Prius,,,
Toyota,Sequoia,2018,,7,0.854166667,TRUE,Toyota Sequoia,,,
Toyota,Sienna,2019,,7,0.854166667,TRUE,Toyota Sienna,,,
Toyota,Tacoma,2019,,7,0.854166667,TRUE,Toyota Tacoma,,,
Toyota,Tundra,2019,,7,0.854166667,TRUE,Toyota Tundra,,,
Toyota,Yaris,2019,,7,0.854166667,TRUE,Toyota Yaris,,,
Volkswagen,CC,2018,,7,0.854166667,TRUE,Volkswagen CC,,,
Volkswagen,Eos,2019,,7,0.854166667,TRUE,Volkswagen Eos,,,
Volkswagen,Golf,2019,,7,0.854166667,TRUE,Volkswagen Golf,,,
Volvo,S60,2019,,7,0.854166667,TRUE,Volvo S60,,,
Volvo,S80,2019,,7,0.854166667,TRUE,Volvo S80,,,
Ford,Explorer,2019,85,7,0.852083333,TRUE,Ford Explorer,,,
Toyota,Tacoma,2002,95,12,0.85,TRUE,Toyota Tacoma,,,
Toyota,Tundra,2003,95,12,0.85,TRUE,Toyota Tundra,,,
Porsche,911,2008,82,6,0.8475,TRUE,Porsche 911,,,
Porsche,911,2002,88,9,0.84625,TRUE,Porsche 911,,,
Cadillac,Escalade,2018,90,10,0.845833333,TRUE,Cadillac Escalade,,,
Mazda,MX-5,2012,90,10,0.845833333,TRUE,Mazda MX-5,,,
Mazda,MX-5,1999,92,11,0.845416667,TRUE,Mazda MX-5,,,
Honda,Fit,2017,98,14,0.844166667,TRUE,Honda Fit,,,
Toyota,Corolla,2018,98,14,0.844166667,TRUE,Toyota Corolla,,,
Toyota,Prius,2017,98,14,0.844166667,TRUE,Toyota Prius,,,
BMW,X1,2014,,7.5,0.84375,TRUE,BMW X1,,,
Jeep,Wrangler,2006,87,9,0.84125,TRUE,Jeep Wrangler,,,
Dodge,Challenger,2017,97,14,0.839166667,TRUE,Dodge Challenger,,,
Honda,CR-V,2017,97,14,0.839166667,TRUE,Honda CR-V,,,
Porsche,911,2006,84,8,0.836666667,TRUE,Porsche 911,,,
Porsche,911,2003,86,9,0.83625,TRUE,Porsche 911,,,
Porsche,911,2005,86,9,0.83625,TRUE,Porsche 911,,,
Chrysler,300,2018,90,11,0.835416667,TRUE,Chrysler 300,,,
Mazda,MX-5,1997,90,11,0.835416667,TRUE,Mazda MX-5,,,
Mazda,MX-5,1998,90,11,0.835416667,TRUE,Mazda MX-5,,,
Toyota,Tundra,2002,90,11,0.835416667,TRUE,Toyota Tundra,,,
Ford,Expedition,2014,94,13,0.834583333,TRUE,Ford Expedition,,,
Audi,Q7,2016,96,14,0.834166667,TRUE,Audi Q7,,,
Toyota,Highlander,2017,96,14,0.834166667,TRUE,Toyota Highlander,,,
Honda,Civic,2017,98,15,0.83375,TRUE,Honda Civic,,,
Honda,Fit,2016,98,15,0.83375,TRUE,Honda Fit,,,
Lincoln,Navigator,2016,98,15,0.83375,TRUE,Lincoln Navigator,,,
Mercedes-Benz,E_Class,2016,98,15,0.83375,TRUE,Mercedes-Benz E_Class,,,
Toyota,Corolla,2017,98,15,0.83375,TRUE,Toyota Corolla,,,
Toyota,Prius,2016,98,15,0.83375,TRUE,Toyota Prius,,,
Acura,Integra,2019,,8,0.833333333,TRUE,Acura Integra,,,
Acura,TL,2018,,8,0.833333333,TRUE,Acura TL,,,
Acura,TL,2019,,8,0.833333333,TRUE,Acura TL,,,
Acura,Vigor,2010,,8,0.833333333,TRUE,Acura Vigor,,,
Acura,Vigor,2013,,8,0.833333333,TRUE,Acura Vigor,,,
Acura,ZDX,2009,,8,0.833333333,TRUE,Acura ZDX,,,
Audi,A7,2009,,8,0.833333333,TRUE,Audi A7,,,
Audi,A7,2010,,8,0.833333333,TRUE,Audi A7,,,
Audi,A7,2011,,8,0.833333333,TRUE,Audi A7,,,
Audi,R8,2008,,8,0.833333333,TRUE,Audi R8,,,
Audi,R8,2010,,8,0.833333333,TRUE,Audi R8,,,
Audi,TT,2019,,8,0.833333333,TRUE,Audi TT,,,
BMW,X1,2005,,8,0.833333333,TRUE,BMW X1,,,
Chevrolet,Volt,2012,,8,0.833333333,TRUE,Chevrolet Volt,,,
Ford,Mustang,2019,,8,0.833333333,TRUE,Ford Mustang,,,
Kia,Forte,2019,,8,0.833333333,TRUE,Kia Forte,,,
Kia,Rio,2019,,8,0.833333333,TRUE,Kia Rio,,,
Lincoln,Navigator,2017,,8,0.833333333,TRUE,Lincoln Navigator,,,
Scion,iQ,2014,,8,0.833333333,TRUE,Scion iQ,,,
Volkswagen,Golf,2018,,8,0.833333333,TRUE,Volkswagen Golf,,,
Volvo,V90,2009,,8,0.833333333,TRUE,Volvo V90,,,
Volvo,V90,2010,,8,0.833333333,TRUE,Volvo V90,,,
Volvo,V90,2011,,8,0.833333333,TRUE,Volvo V90,,,
Volvo,XC60,2019,,8,0.833333333,TRUE,Volvo XC60,,,
Volvo,XC70,2018,,8,0.833333333,TRUE,Volvo XC70,,,
Volvo,XC70,2019,,8,0.833333333,TRUE,Volvo XC70,,,
Buick,LaCrosse,2017,95,14,0.829166667,TRUE,Buick LaCrosse,,,
Subaru,Impreza,2016,95,14,0.829166667,TRUE,Subaru Impreza,,,
Toyota,Sienna,2017,95,14,0.829166667,TRUE,Toyota Sienna,,,
Toyota,Tacoma,2017,95,14,0.829166667,TRUE,Toyota Tacoma,,,
Toyota,Tundra,2017,95,14,0.829166667,TRUE,Toyota Tundra,,,
Toyota,Yaris,2017,95,14,0.829166667,TRUE,Toyota Yaris,,,
Honda,Accord,2016,97,15,0.82875,TRUE,Honda Accord,,,
Honda,CR-V,2016,97,15,0.82875,TRUE,Honda CR-V,,,
Toyota,4Runner,2016,97,15,0.82875,TRUE,Toyota 4Runner,,,
Toyota,4Runner,2017,97,15,0.82875,TRUE,Toyota 4Runner,,,
Porsche,911,2004,84,9,0.82625,TRUE,Porsche 911,,,
Porsche,911,2000,86,10,0.825833333,TRUE,Porsche 911,,,
Ford,Mustang,2009,90,12,0.825,TRUE,Ford Mustang,,,
Mazda,Mazda6,2016,96,15,0.82375,TRUE,Mazda Mazda6,,,
Subaru,Outback,2017,96,15,0.82375,TRUE,Subaru Outback,,,
Toyota,Highlander,2016,96,15,0.82375,TRUE,Toyota Highlander,,,
Honda,Fit,2009,98,16,0.823333333,TRUE,Honda Fit,,,
Honda,Fit,2010,98,16,0.823333333,TRUE,Honda Fit,,,
Mercedes-Benz,E_Class,2015,98,16,0.823333333,TRUE,Mercedes-Benz E_Class,,,
Toyota,Corolla,2009,98,16,0.823333333,TRUE,Toyota Corolla,,,
Toyota,Corolla,2010,98,16,0.823333333,TRUE,Toyota Corolla,,,
Toyota,Corolla,2011,98,16,0.823333333,TRUE,Toyota Corolla,,,
Toyota,Corolla,2016,98,16,0.823333333,TRUE,Toyota Corolla,,,
Volkswagen,Golf,2015,98,16,0.823333333,TRUE,Volkswagen Golf,,,
Buick,LaCrosse,2016,95,15,0.81875,TRUE,Buick LaCrosse,,,
Dodge,Challenger,2016,95,15,0.81875,TRUE,Dodge Challenger,,,
Toyota,Camry,2016,95,15,0.81875,TRUE,Toyota Camry,,,
Toyota,Camry,2017,95,15,0.81875,TRUE,Toyota Camry,,,
Toyota,Tacoma,2016,95,15,0.81875,TRUE,Toyota Tacoma,,,
Toyota,Tundra,2016,95,15,0.81875,TRUE,Toyota Tundra,,,
Volkswagen,Golf,2016,95,15,0.81875,TRUE,Volkswagen Golf,,,
Honda,Accord,2015,97,16,0.818333333,TRUE,Honda Accord,,,
Jeep,Wrangler,2015,97,16,0.818333333,TRUE,Jeep Wrangler,,,
Toyota,4Runner,2015,97,16,0.818333333,TRUE,Toyota 4Runner,,,
Toyota,Avalon,2008,97,16,0.818333333,TRUE,Toyota Avalon,,,
Toyota,Avalon,2016,97,16,0.818333333,TRUE,Toyota Avalon,,,
Toyota,Sequoia,2009,97,16,0.818333333,TRUE,Toyota Sequoia,,,
Toyota,Sequoia,2010,97,16,0.818333333,TRUE,Toyota Sequoia,,,
Volvo,XC70,2010,97,16,0.818333333,TRUE,Volvo XC70,,,
Mazda,Mazda3,2018,78,7,0.817083333,TRUE,Mazda Mazda3,,,
Kia,Forte,2018,80,8,0.816666667,TRUE,Kia Forte,,,
Porsche,911,2001,84,10,0.815833333,TRUE,Porsche 911,,,
Lincoln,Navigator,2010,90,13,0.814583333,TRUE,Lincoln Navigator,,,
Audi,Q7,2015,96,16,0.813333333,TRUE,Audi Q7,,,
BMW,Z4,2009,96,16,0.813333333,TRUE,BMW Z4,,,
Subaru,Outback,2016,96,16,0.813333333,TRUE,Subaru Outback,,,
Cadillac,Escalade,2006,98,17,0.812916667,TRUE,Cadillac Escalade,,,
Honda,Fit,2011,98,17,0.812916667,TRUE,Honda Fit,,,
Porsche,Cayman,2006,98,17,0.812916667,TRUE,Porsche Cayman,,,
Toyota,Corolla,2015,98,17,0.812916667,TRUE,Toyota Corolla,,,
Toyota,Prius,2008,98,17,0.812916667,TRUE,Toyota Prius,,,
Toyota,Prius,2009,98,17,0.812916667,TRUE,Toyota Prius,,,
Toyota,Prius,2010,98,17,0.812916667,TRUE,Toyota Prius,,,
Toyota,Prius,2011,98,17,0.812916667,TRUE,Toyota Prius,,,
Toyota,Prius,2015,98,17,0.812916667,TRUE,Toyota Prius,,,
Acura,SLX,2014,,9,0.8125,TRUE,Acura SLX,,,
Acura,SLX,2015,,9,0.8125,TRUE,Acura SLX,,,
Acura,Vigor,2011,,9,0.8125,TRUE,Acura Vigor,,,
Acura,Vigor,2012,,9,0.8125,TRUE,Acura Vigor,,,
Acura,ZDX,2013,,9,0.8125,TRUE,Acura ZDX,,,
Audi,TT,2018,,9,0.8125,TRUE,Audi TT,,,
Porsche,911,2010,,9,0.8125,TRUE,Porsche 911,,,
BMW,5_Series,2016,93,15,0.80875,TRUE,BMW 5_Series,,,
Honda,Civic,2010,95,16,0.808333333,TRUE,Honda Civic,,,
Honda,Civic,2011,95,16,0.808333333,TRUE,Honda Civic,,,
Mazda,Mazda3,2015,95,16,0.808333333,TRUE,Mazda Mazda3,,,
Nissan,Xterra,2010,95,16,0.808333333,TRUE,Nissan Xterra,,,
Toyota,Tundra,2008,95,16,0.808333333,TRUE,Toyota Tundra,,,
Toyota,Tundra,2009,95,16,0.808333333,TRUE,Toyota Tundra,,,
Toyota,Tundra,2010,95,16,0.808333333,TRUE,Toyota Tundra,,,
Volvo,XC70,2008,95,16,0.808333333,TRUE,Volvo XC70,,,
Volvo,XC70,2009,95,16,0.808333333,TRUE,Volvo XC70,,,
Honda,CR-V,2007,97,17,0.807916667,TRUE,Honda CR-V,,,
Honda,CR-V,2008,97,17,0.807916667,TRUE,Honda CR-V,,,
Honda,CR-V,2009,97,17,0.807916667,TRUE,Honda CR-V,,,
Honda,CR-V,2010,97,17,0.807916667,TRUE,Honda CR-V,,,
Honda,CR-V,2015,97,17,0.807916667,TRUE,Honda CR-V,,,
Mazda,Mazda3,2014,97,17,0.807916667,TRUE,Mazda Mazda3,,,
Toyota,4Runner,2006,97,17,0.807916667,TRUE,Toyota 4Runner,,,
Toyota,4Runner,2007,97,17,0.807916667,TRUE,Toyota 4Runner,,,
Toyota,4Runner,2008,97,17,0.807916667,TRUE,Toyota 4Runner,,,
Toyota,4Runner,2009,97,17,0.807916667,TRUE,Toyota 4Runner,,,
Toyota,4Runner,2010,97,17,0.807916667,TRUE,Toyota 4Runner,,,
Toyota,Avalon,2007,97,17,0.807916667,TRUE,Toyota Avalon,,,
Toyota,Sequoia,2006,97,17,0.807916667,TRUE,Toyota Sequoia,,,
Toyota,Sequoia,2007,97,17,0.807916667,TRUE,Toyota Sequoia,,,
Toyota,Sequoia,2011,97,17,0.807916667,TRUE,Toyota Sequoia,,,
Subaru,Impreza,2018,78,8,0.806666667,TRUE,Subaru Impreza,,,
Subaru,Outback,2018,84,11,0.805416667,TRUE,Subaru Outback,,,
Porsche,911,1999,86,12,0.805,TRUE,Porsche 911,,,
Audi,A6,2016,90,14,0.804166667,TRUE,Audi A6,,,
Mazda,MX-5,2016,90,14,0.804166667,TRUE,Mazda MX-5,,,
BMW,Z4,2007,94,16,0.803333333,TRUE,BMW Z4,,,
BMW,Z4,2008,94,16,0.803333333,TRUE,BMW Z4,,,
Subaru,Legacy,2015,94,16,0.803333333,TRUE,Subaru Legacy,,,
BMW,Z4,2006,96,17,0.802916667,TRUE,BMW Z4,,,
Dodge,Challenger,2015,96,17,0.802916667,TRUE,Dodge Challenger,,,
Mazda,Mazda6,2015,96,17,0.802916667,TRUE,Mazda Mazda6,,,
Toyota,Camry,2005,96,17,0.802916667,TRUE,Toyota Camry,,,
Toyota,Camry,2006,96,17,0.802916667,TRUE,Toyota Camry,,,
Toyota,Highlander,2008,96,17,0.802916667,TRUE,Toyota Highlander,,,
Toyota,Highlander,2009,96,17,0.802916667,TRUE,Toyota Highlander,,,
Toyota,Highlander,2010,96,17,0.802916667,TRUE,Toyota Highlander,,,
Toyota,Highlander,2011,96,17,0.802916667,TRUE,Toyota Highlander,,,
Toyota,Highlander,2015,96,17,0.802916667,TRUE,Toyota Highlander,,,
BMW,Z4,2004,98,18,0.8025,TRUE,BMW Z4,,,
Cadillac,Escalade,2013,98,18,0.8025,TRUE,Cadillac Escalade,,,
Honda,Fit,2012,98,18,0.8025,TRUE,Honda Fit,,,
Honda,Fit,2013,98,18,0.8025,TRUE,Honda Fit,,,
Honda,Fit,2014,98,18,0.8025,TRUE,Honda Fit,,,
Nissan,Leaf,2012,98,18,0.8025,TRUE,Nissan Leaf,,,
Toyota,Corolla,2012,98,18,0.8025,TRUE,Toyota Corolla,,,
Toyota,Corolla,2013,98,18,0.8025,TRUE,Toyota Corolla,,,
Toyota,Corolla,2014,98,18,0.8025,TRUE,Toyota Corolla,,,
Toyota,Prius,2012,98,18,0.8025,TRUE,Toyota Prius,,,
BMW,X1,2008,,9.5,0.802083333,TRUE,BMW X1,,,
Chevrolet,Tahoe,2006,85,12,0.8,TRUE,Chevrolet Tahoe,,,
Hyundai,Elantra,2008,85,12,0.8,TRUE,Hyundai Elantra,,,
Chevrolet,Corvette,2008,93,16,0.798333333,TRUE,Chevrolet Corvette,,,
Acura,TSX,2007,95,17,0.797916667,TRUE,Acura TSX,,,
Acura,TSX,2008,95,17,0.797916667,TRUE,Acura TSX,,,
Acura,TSX,2010,95,17,0.797916667,TRUE,Acura TSX,,,
Acura,TSX,2011,95,17,0.797916667,TRUE,Acura TSX,,,
Audi,A5,2015,95,17,0.797916667,TRUE,Audi A5,,,
BMW,5_Series,2015,95,17,0.797916667,TRUE,BMW 5_Series,,,
Chevrolet,Corvette,2006,95,17,0.797916667,TRUE,Chevrolet Corvette,,,
Chevrolet,Corvette,2007,95,17,0.797916667,TRUE,Chevrolet Corvette,,,
Chevrolet,Tahoe,2013,95,17,0.797916667,TRUE,Chevrolet Tahoe,,,
Honda,Civic,2015,95,17,0.797916667,TRUE,Honda Civic,,,
Nissan,Xterra,2011,95,17,0.797916667,TRUE,Nissan Xterra,,,
Toyota,Avalon,2006,95,17,0.797916667,TRUE,Toyota Avalon,,,
Toyota,Camry,2008,95,17,0.797916667,TRUE,Toyota Camry,,,
Toyota,Camry,2009,95,17,0.797916667,TRUE,Toyota Camry,,,
Toyota,Camry,2011,95,17,0.797916667,TRUE,Toyota Camry,,,
Toyota,Camry,2015,95,17,0.797916667,TRUE,Toyota Camry,,,
Toyota,Highlander,2006,95,17,0.797916667,TRUE,Toyota Highlander,,,
Toyota,Highlander,2007,95,17,0.797916667,TRUE,Toyota Highlander,,,
Toyota,Tacoma,2015,95,17,0.797916667,TRUE,Toyota Tacoma,,,
Toyota,Tundra,2006,95,17,0.797916667,TRUE,Toyota Tundra,,,
Toyota,Tundra,2007,95,17,0.797916667,TRUE,Toyota Tundra,,,
Toyota,Tundra,2011,95,17,0.797916667,TRUE,Toyota Tundra,,,
Toyota,Tundra,2015,95,17,0.797916667,TRUE,Toyota Tundra,,,
Toyota,Yaris,2007,95,17,0.797916667,TRUE,Toyota Yaris,,,
Toyota,Yaris,2008,95,17,0.797916667,TRUE,Toyota Yaris,,,
Toyota,Yaris,2009,95,17,0.797916667,TRUE,Toyota Yaris,,,
Toyota,Yaris,2010,95,17,0.797916667,TRUE,Toyota Yaris,,,
Toyota,Yaris,2011,95,17,0.797916667,TRUE,Toyota Yaris,,,
Honda,Accord,2014,97,18,0.7975,TRUE,Honda Accord,,,
Honda,CR-V,2011,97,18,0.7975,TRUE,Honda CR-V,,,
Mazda,Mazda3,2013,97,18,0.7975,TRUE,Mazda Mazda3,,,
Toyota,4Runner,2004,97,18,0.7975,TRUE,Toyota 4Runner,,,
Toyota,4Runner,2005,97,18,0.7975,TRUE,Toyota 4Runner,,,
Toyota,4Runner,2011,97,18,0.7975,TRUE,Toyota 4Runner,,,
Toyota,4Runner,2014,97,18,0.7975,TRUE,Toyota 4Runner,,,
Toyota,Sequoia,2012,97,18,0.7975,TRUE,Toyota Sequoia,,,
Toyota,Sequoia,2013,97,18,0.7975,TRUE,Toyota Sequoia,,,
Toyota,Sequoia,2014,97,18,0.7975,TRUE,Toyota Sequoia,,,
Chevrolet,Corvette,2012,88,14,0.794166667,TRUE,Chevrolet Corvette,,,
Honda,Accord,2008,88,14,0.794166667,TRUE,Honda Accord,,,
Honda,Odyssey,2010,88,14,0.794166667,TRUE,Honda Odyssey,,,
Jeep,Wrangler,2003,94,17,0.792916667,TRUE,Jeep Wrangler,,,
Toyota,Camry,2004,94,17,0.792916667,TRUE,Toyota Camry,,,
Audi,Q7,2013,96,18,0.7925,TRUE,Audi Q7,,,
BMW,Z4,2005,96,18,0.7925,TRUE,BMW Z4,,,
Honda,Accord,2011,96,18,0.7925,TRUE,Honda Accord,,,
Toyota,Avalon,2003,96,18,0.7925,TRUE,Toyota Avalon,,,
Toyota,Avalon,2004,96,18,0.7925,TRUE,Toyota Avalon,,,
Toyota,Avalon,2005,96,18,0.7925,TRUE,Toyota Avalon,,,
Toyota,Highlander,2012,96,18,0.7925,TRUE,Toyota Highlander,,,
Cadillac,Escalade,2014,98,19,0.792083333,TRUE,Cadillac Escalade,,,
Chevrolet,Corvette,2004,98,19,0.792083333,TRUE,Chevrolet Corvette,,,
Toyota,Prius,2013,98,19,0.792083333,TRUE,Toyota Prius,,,
Toyota,Prius,2014,98,19,0.792083333,TRUE,Toyota Prius,,,
Acura,Legend,2009,,10,0.791666667,TRUE,Acura Legend,,,
Acura,Legend,2010,,10,0.791666667,TRUE,Acura Legend,,,
Acura,Legend,2011,,10,0.791666667,TRUE,Acura Legend,,,
Acura,Legend,2012,,10,0.791666667,TRUE,Acura Legend,,,
Acura,Legend,2013,,10,0.791666667,TRUE,Acura Legend,,,
Acura,MDX,2018,,10,0.791666667,TRUE,Acura MDX,,,
Acura,RDX,2018,,10,0.791666667,TRUE,Acura RDX,,,
Acura,SLX,2011,,10,0.791666667,TRUE,Acura SLX,,,
Acura,SLX,2012,,10,0.791666667,TRUE,Acura SLX,,,
Acura,SLX,2013,,10,0.791666667,TRUE,Acura SLX,,,
Acura,ZDX,2008,,10,0.791666667,TRUE,Acura ZDX,,,
Audi,A7,2012,,10,0.791666667,TRUE,Audi A7,,,
Audi,R8,2007,,10,0.791666667,TRUE,Audi R8,,,
BMW,3_Series,2018,,10,0.791666667,TRUE,BMW 3_Series,,,
BMW,M5,2019,,10,0.791666667,TRUE,BMW M5,,,
BMW,X1,2007,,10,0.791666667,TRUE,BMW X1,,,
Buick,Enclave,2018,,10,0.791666667,TRUE,Buick Enclave,,,
Kia,Optima,2019,,10,0.791666667,TRUE,Kia Optima,,,
Lincoln,MKX,2018,,10,0.791666667,TRUE,Lincoln MKX,,,
Mazda,Mazda5,2018,,10,0.791666667,TRUE,Mazda Mazda5,,,
Volvo,S80,2018,,10,0.791666667,TRUE,Volvo S80,,,
Volvo,V90,2012,,10,0.791666667,TRUE,Volvo V90,,,
Volvo,XC60,2018,,10,0.791666667,TRUE,Volvo XC60,,,
Chevrolet,Tahoe,2002,85,13,0.789583333,TRUE,Chevrolet Tahoe,,,
Honda,Accord,2007,87,14,0.789166667,TRUE,Honda Accord,,,
Chevrolet,Corvette,2005,95,18,0.7875,TRUE,Chevrolet Corvette,,,
Chevrolet,Tahoe,2012,95,18,0.7875,TRUE,Chevrolet Tahoe,,,
Nissan,Xterra,2012,95,18,0.7875,TRUE,Nissan Xterra,,,
Nissan,Xterra,2014,95,18,0.7875,TRUE,Nissan Xterra,,,
Toyota,Sequoia,2005,95,18,0.7875,TRUE,Toyota Sequoia,,,
Toyota,Tacoma,2012,95,18,0.7875,TRUE,Toyota Tacoma,,,
Toyota,Tundra,2005,95,18,0.7875,TRUE,Toyota Tundra,,,
Toyota,Tundra,2012,95,18,0.7875,TRUE,Toyota Tundra,,,
Toyota,Yaris,2012,95,18,0.7875,TRUE,Toyota Yaris,,,
Honda,Accord,2013,97,19,0.787083333,TRUE,Honda Accord,,,
Toyota,4Runner,2012,97,19,0.787083333,TRUE,Toyota 4Runner,,,
Toyota,4Runner,2013,97,19,0.787083333,TRUE,Toyota 4Runner,,,
Ford,Mustang,2010,82,12,0.785,TRUE,Ford Mustang,,,
Ford,Mustang,2011,82,12,0.785,TRUE,Ford Mustang,,,
Acura,TL,2009,88,15,0.78375,TRUE,Acura TL,,,
Audi,A5,2011,90,16,0.783333333,TRUE,Audi A5,,,
Audi,A6,2014,90,16,0.783333333,TRUE,Audi A6,,,
Chevrolet,Tahoe,2010,90,16,0.783333333,TRUE,Chevrolet Tahoe,,,
Ford,Mustang,2008,90,16,0.783333333,TRUE,Ford Mustang,,,
Lincoln,MKX,2011,90,16,0.783333333,TRUE,Lincoln MKX,,,
Toyota,Tundra,2001,90,16,0.783333333,TRUE,Toyota Tundra,,,
Volvo,XC60,2010,90,16,0.783333333,TRUE,Volvo XC60,,,
Toyota,Corolla,2006,92,17,0.782916667,TRUE,Toyota Corolla,,,
Toyota,Corolla,2007,92,17,0.782916667,TRUE,Toyota Corolla,,,
Toyota,Highlander,2005,94,18,0.7825,TRUE,Toyota Highlander,,,
Honda,Accord,2012,96,19,0.782083333,TRUE,Honda Accord,,,
Lincoln,MKX,2013,96,19,0.782083333,TRUE,Lincoln MKX,,,
Toyota,Highlander,2013,96,19,0.782083333,TRUE,Toyota Highlander,,,
Toyota,Highlander,2014,96,19,0.782083333,TRUE,Toyota Highlander,,,
BMW,Z4,2003,98,20,0.781666667,TRUE,BMW Z4,,,
Chevrolet,Corvette,2003,98,20,0.781666667,TRUE,Chevrolet Corvette,,,
Chevrolet,Tahoe,2004,83,13,0.779583333,TRUE,Chevrolet Tahoe,,,
Chevrolet,Tahoe,2005,83,13,0.779583333,TRUE,Chevrolet Tahoe,,,
BMW,3_Series,2017,85,14,0.779166667,TRUE,BMW 3_Series,,,
Lincoln,MKX,2012,93,18,0.7775,TRUE,Lincoln MKX,,,
Acura,TSX,2013,95,19,0.777083333,TRUE,Acura TSX,,,
Acura,TSX,2014,95,19,0.777083333,TRUE,Acura TSX,,,
Audi,A5,2014,95,19,0.777083333,TRUE,Audi A5,,,
BMW,5_Series,2014,95,19,0.777083333,TRUE,BMW 5_Series,,,
Honda,Civic,2012,95,19,0.777083333,TRUE,Honda Civic,,,
Honda,Civic,2013,95,19,0.777083333,TRUE,Honda Civic,,,
Honda,Civic,2014,95,19,0.777083333,TRUE,Honda Civic,,,
Nissan,Xterra,2013,95,19,0.777083333,TRUE,Nissan Xterra,,,
Toyota,Camry,2012,95,19,0.777083333,TRUE,Toyota Camry,,,
Toyota,Sequoia,2004,95,19,0.777083333,TRUE,Toyota Sequoia,,,
Toyota,Tacoma,2013,95,19,0.777083333,TRUE,Toyota Tacoma,,,
Toyota,Tacoma,2014,95,19,0.777083333,TRUE,Toyota Tacoma,,,
Toyota,Tundra,2004,95,19,0.777083333,TRUE,Toyota Tundra,,,
Toyota,Tundra,2013,95,19,0.777083333,TRUE,Toyota Tundra,,,
Toyota,Tundra,2014,95,19,0.777083333,TRUE,Toyota Tundra,,,
Jeep,Wrangler,2005,76,10,0.775833333,TRUE,Jeep Wrangler,,,
Mazda,Mazda3,2016,78,11,0.775416667,TRUE,Mazda Mazda3,,,
Mazda,Mazda3,2017,78,11,0.775416667,TRUE,Mazda Mazda3,,,
Mazda,CX-5,2017,86,15,0.77375,TRUE,Mazda CX-5,,,
Audi,Q7,2009,88,16,0.773333333,TRUE,Audi Q7,,,
Buick,LaCrosse,2009,88,16,0.773333333,TRUE,Buick LaCrosse,,,
Cadillac,Escalade,2009,88,16,0.773333333,TRUE,Cadillac Escalade,,,
Cadillac,Escalade,2010,88,16,0.773333333,TRUE,Cadillac Escalade,,,
Chevrolet,Tahoe,2011,88,16,0.773333333,TRUE,Chevrolet Tahoe,,,
Honda,Civic,2009,88,16,0.773333333,TRUE,Honda Civic,,,
Mazda,CX-5,2016,88,16,0.773333333,TRUE,Mazda CX-5,,,
Mazda,Mazda3,2010,88,16,0.773333333,TRUE,Mazda Mazda3,,,
Mazda,Mazda6,2010,88,16,0.773333333,TRUE,Mazda Mazda6,,,
Volvo,S60,2009,88,16,0.773333333,TRUE,Volvo S60,,,
Volvo,S80,2008,88,16,0.773333333,TRUE,Volvo S80,,,
Volvo,S80,2010,88,16,0.773333333,TRUE,Volvo S80,,,
Acura,TSX,2009,90,17,0.772916667,TRUE,Acura TSX,,,
Audi,Q7,2014,90,17,0.772916667,TRUE,Audi Q7,,,
Ford,Mustang,2015,90,17,0.772916667,TRUE,Ford Mustang,,,
Honda,Accord,2009,90,17,0.772916667,TRUE,Honda Accord,,,
Honda,Accord,2010,90,17,0.772916667,TRUE,Honda Accord,,,
Jeep,Wrangler,2002,90,17,0.772916667,TRUE,Jeep Wrangler,,,
Mazda,CX-5,2015,90,17,0.772916667,TRUE,Mazda CX-5,,,
Mazda,Mazda3,2011,90,17,0.772916667,TRUE,Mazda Mazda3,,,
Toyota,4Runner,2002,90,17,0.772916667,TRUE,Toyota 4Runner,,,
Toyota,4Runner,2003,90,17,0.772916667,TRUE,Toyota 4Runner,,,
Toyota,Camry,2010,90,17,0.772916667,TRUE,Toyota Camry,,,
Toyota,Prius,2007,90,17,0.772916667,TRUE,Toyota Prius,,,
Volkswagen,Golf,2012,90,17,0.772916667,TRUE,Volkswagen Golf,,,
Audi,Q7,2012,92,18,0.7725,TRUE,Audi Q7,,,
Toyota,Camry,2003,94,19,0.772083333,TRUE,Toyota Camry,,,
Acura,CL,2018,,11,0.770833333,TRUE,Acura CL,,,
Acura,Integra,2018,,11,0.770833333,TRUE,Acura Integra,,,
Acura,RSX,2007,,11,0.770833333,TRUE,Acura RSX,,,
Acura,TSX,2018,,11,0.770833333,TRUE,Acura TSX,,,
Audi,A3,2018,,11,0.770833333,TRUE,Audi A3,,,
Audi,Q7,2018,,11,0.770833333,TRUE,Audi Q7,,,
Audi,R8,2003,,11,0.770833333,TRUE,Audi R8,,,
Audi,R8,2004,,11,0.770833333,TRUE,Audi R8,,,
Audi,R8,2005,,11,0.770833333,TRUE,Audi R8,,,
Audi,R8,2006,,11,0.770833333,TRUE,Audi R8,,,
Audi,TT,2009,,11,0.770833333,TRUE,Audi TT,,,
BMW,M5,2018,,11,0.770833333,TRUE,BMW M5,,,
BMW,X1,2004,,11,0.770833333,TRUE,BMW X1,,,
BMW,Z4,2015,,11,0.770833333,TRUE,BMW Z4,,,
BMW,Z4,2016,,11,0.770833333,TRUE,BMW Z4,,,
BMW,Z4,2018,,11,0.770833333,TRUE,BMW Z4,,,
Chevrolet,Corvette,2018,,11,0.770833333,TRUE,Chevrolet Corvette,,,
Chevrolet,Impala,2018,,11,0.770833333,TRUE,Chevrolet Impala,,,
Honda,Fit,2018,,11,0.770833333,TRUE,Honda Fit,,,
Mazda,MX-5,2017,,11,0.770833333,TRUE,Mazda MX-5,,,
Nissan,Leaf,2018,,11,0.770833333,TRUE,Nissan Leaf,,,
Porsche,911,2011,,11,0.770833333,TRUE,Porsche 911,,,
Toyota,Avalon,2018,,11,0.770833333,TRUE,Toyota Avalon,,,
Toyota,Camry,2018,,11,0.770833333,TRUE,Toyota Camry,,,
Toyota,Yaris,2018,,11,0.770833333,TRUE,Toyota Yaris,,,
Volkswagen,Eos,2017,,11,0.770833333,TRUE,Volkswagen Eos,,,
Volkswagen,Eos,2018,,11,0.770833333,TRUE,Volkswagen Eos,,,
Volkswagen,Golf,2017,,11,0.770833333,TRUE,Volkswagen Golf,,,
BMW,3_Series,2016,85,15,0.76875,TRUE,BMW 3_Series,,,
Ford,Mustang,2016,85,15,0.76875,TRUE,Ford Mustang,,,
Ford,Mustang,2017,85,15,0.76875,TRUE,Ford Mustang,,,
Honda,Civic,2016,85,15,0.76875,TRUE,Honda Civic,,,
Chevrolet,Tahoe,2009,87,16,0.768333333,TRUE,Chevrolet Tahoe,,,
Mazda,Mazda6,2009,87,16,0.768333333,TRUE,Mazda Mazda6,,,
Toyota,Highlander,2004,93,19,0.767083333,TRUE,Toyota Highlander,,,
Toyota,Sequoia,2003,95,20,0.766666667,TRUE,Toyota Sequoia,,,
Audi,TT,2002,80,13,0.764583333,TRUE,Audi TT,,,
BMW,3_Series,2015,86,16,0.763333333,TRUE,BMW 3_Series,,,
Cadillac,Escalade,2011,88,17,0.762916667,TRUE,Cadillac Escalade,,,
Honda,Accord,2006,88,17,0.762916667,TRUE,Honda Accord,,,
Honda,Fit,2015,88,17,0.762916667,TRUE,Honda Fit,,,
Jeep,Wrangler,2011,88,17,0.762916667,TRUE,Jeep Wrangler,,,
Toyota,Prius,2006,88,17,0.762916667,TRUE,Toyota Prius,,,
Acura,TSX,2006,90,18,0.7625,TRUE,Acura TSX,,,
Ford,Mustang,2014,90,18,0.7625,TRUE,Ford Mustang,,,
Jeep,Wrangler,2014,90,18,0.7625,TRUE,Jeep Wrangler,,,
Mazda,CX-5,2014,90,18,0.7625,TRUE,Mazda CX-5,,,
Mazda,Mazda6,2012,90,18,0.7625,TRUE,Mazda Mazda6,,,
Mazda,Mazda6,2014,90,18,0.7625,TRUE,Mazda Mazda6,,,
Toyota,Corolla,2005,90,18,0.7625,TRUE,Toyota Corolla,,,
Toyota,Sienna,2005,90,18,0.7625,TRUE,Toyota Sienna,,,
Ford,Expedition,2017,83,15,0.75875,TRUE,Ford Expedition,,,
Audi,Q7,2010,85,16,0.758333333,TRUE,Audi Q7,,,
Honda,Civic,2008,85,16,0.758333333,TRUE,Honda Civic,,,
Hyundai,Elantra,2007,85,16,0.758333333,TRUE,Hyundai Elantra,,,
Jeep,Wrangler,2009,85,16,0.758333333,TRUE,Jeep Wrangler,,,
Jeep,Wrangler,2010,85,16,0.758333333,TRUE,Jeep Wrangler,,,
Lincoln,MKX,2010,85,16,0.758333333,TRUE,Lincoln MKX,,,
Nissan,Xterra,2009,85,16,0.758333333,TRUE,Nissan Xterra,,,
Volvo,S60,2010,85,16,0.758333333,TRUE,Volvo S60,,,
Volvo,XC60,2011,85,16,0.758333333,TRUE,Volvo XC60,,,
Mazda,Mazda6,2011,87,17,0.757916667,TRUE,Mazda Mazda6,,,
Subaru,Impreza,2015,80,14,0.754166667,TRUE,Subaru Impreza,,,
Subaru,Outback,2015,86,17,0.752916667,TRUE,Subaru Outback,,,
Toyota,4Runner,2001,86,17,0.752916667,TRUE,Toyota 4Runner,,,
Cadillac,Escalade,2012,88,18,0.7525,TRUE,Cadillac Escalade,,,
Chevrolet,Corvette,2013,88,18,0.7525,TRUE,Chevrolet Corvette,,,
Mazda,CX-5,2012,88,18,0.7525,TRUE,Mazda CX-5,,,
Mazda,CX-5,2013,88,18,0.7525,TRUE,Mazda CX-5,,,
Mazda,Mazda3,2012,88,18,0.7525,TRUE,Mazda Mazda3,,,
Mazda,Mazda6,2013,88,18,0.7525,TRUE,Mazda Mazda6,,,
Acura,RSX,2004,90,19,0.752083333,TRUE,Acura RSX,,,
Jeep,Wrangler,2013,90,19,0.752083333,TRUE,Jeep Wrangler,,,
Toyota,Camry,2013,90,19,0.752083333,TRUE,Toyota Camry,,,
Toyota,Camry,2014,90,19,0.752083333,TRUE,Toyota Camry,,,
Toyota,Sienna,2004,90,19,0.752083333,TRUE,Toyota Sienna,,,
Acura,Legend,2005,,12,0.75,TRUE,Acura Legend,,,
Acura,Legend,2006,,12,0.75,TRUE,Acura Legend,,,
Acura,Legend,2007,,12,0.75,TRUE,Acura Legend,,,
Acura,Legend,2008,,12,0.75,TRUE,Acura Legend,,,
Acura,RL,2018,,12,0.75,TRUE,Acura RL,,,
Acura,Vigor,2009,,12,0.75,TRUE,Acura Vigor,,,
Audi,A7,2007,,12,0.75,TRUE,Audi A7,,,
Audi,A7,2008,,12,0.75,TRUE,Audi A7,,,
BMW,X1,2006,,12,0.75,TRUE,BMW X1,,,
Chevrolet,Volt,2009,,12,0.75,TRUE,Chevrolet Volt,,,
Hyundai,Elantra,2019,,12,0.75,TRUE,Hyundai Elantra,,,
Mazda,Mazda6,2018,,12,0.75,TRUE,Mazda Mazda6,,,
Mercedes-Benz,E_Class,2019,,12,0.75,TRUE,Mercedes-Benz E_Class,,,
Subaru,Legacy,2017,,12,0.75,TRUE,Subaru Legacy,,,
Subaru,Legacy,2018,,12,0.75,TRUE,Subaru Legacy,,,
Volkswagen,CC,2016,,12,0.75,TRUE,Volkswagen CC,,,
Volvo,V90,2007,,12,0.75,TRUE,Volvo V90,,,
Volvo,V90,2008,,12,0.75,TRUE,Volvo V90,,,
Honda,Civic,2007,83,16,0.748333333,TRUE,Honda Civic,,,
Lincoln,MKX,2009,83,16,0.748333333,TRUE,Lincoln MKX,,,
Buick,LaCrosse,2015,85,17,0.747916667,TRUE,Buick LaCrosse,,,
Ford,Explorer,2011,85,17,0.747916667,TRUE,Ford Explorer,,,
Honda,CR-V,2006,85,17,0.747916667,TRUE,Honda CR-V,,,
Toyota,Camry,2007,85,17,0.747916667,TRUE,Toyota Camry,,,
Toyota,Sienna,2006,85,17,0.747916667,TRUE,Toyota Sienna,,,
Dodge,Challenger,2012,87,18,0.7475,TRUE,Dodge Challenger,,,
Lincoln,Navigator,2014,87,18,0.7475,TRUE,Lincoln Navigator,,,
Toyota,Prius,2005,87,18,0.7475,TRUE,Toyota Prius,,,
Audi,TT,2001,80,15,0.74375,TRUE,Audi TT,,,
Chevrolet,Impala,2016,80,15,0.74375,TRUE,Chevrolet Impala,,,
Audi,Q7,2008,82,16,0.743333333,TRUE,Audi Q7,,,
Honda,Accord,2005,86,18,0.7425,TRUE,Honda Accord,,,
Toyota,Corolla,2004,88,19,0.742083333,TRUE,Toyota Corolla,,,
Toyota,Prius,2004,88,19,0.742083333,TRUE,Toyota Prius,,,
Toyota,Avalon,2002,90,20,0.741666667,TRUE,Toyota Avalon,,,
Toyota,Sequoia,2002,90,20,0.741666667,TRUE,Toyota Sequoia,,,
Honda,Civic,2006,83,17,0.737916667,TRUE,Honda Civic,,,
Acura,TSX,2012,85,18,0.7375,TRUE,Acura TSX,,,
Audi,A5,2012,85,18,0.7375,TRUE,Audi A5,,,
Audi,A5,2013,85,18,0.7375,TRUE,Audi A5,,,
Cadillac,Escalade,2005,85,18,0.7375,TRUE,Cadillac Escalade,,,
Ford,Expedition,2012,85,18,0.7375,TRUE,Ford Expedition,,,
Honda,CR-V,2005,85,18,0.7375,TRUE,Honda CR-V,,,
Honda,CR-V,2012,85,18,0.7375,TRUE,Honda CR-V,,,
Lincoln,Navigator,2011,85,18,0.7375,TRUE,Lincoln Navigator,,,
Subaru,Legacy,2013,85,18,0.7375,TRUE,Subaru Legacy,,,
Jeep,Wrangler,2004,87,19,0.737083333,TRUE,Jeep Wrangler,,,
Lincoln,Navigator,2012,87,19,0.737083333,TRUE,Lincoln Navigator,,,
Chevrolet,Tahoe,2001,78,15,0.73375,TRUE,Chevrolet Tahoe,,,
Acura,RDX,2009,80,16,0.733333333,TRUE,Acura RDX,,,
Audi,A5,2009,80,16,0.733333333,TRUE,Audi A5,,,
Chevrolet,Impala,2015,80,16,0.733333333,TRUE,Chevrolet Impala,,,
Acura,RL,2006,82,17,0.732916667,TRUE,Acura RL,,,
Ford,Expedition,2013,82,17,0.732916667,TRUE,Ford Expedition,,,
BMW,3_Series,2014,86,19,0.732083333,TRUE,BMW 3_Series,,,
Jeep,Wrangler,2012,86,19,0.732083333,TRUE,Jeep Wrangler,,,
Acura,Vigor,2007,,13,0.729166667,TRUE,Acura Vigor,,,
Acura,Vigor,2008,,13,0.729166667,TRUE,Acura Vigor,,,
Chevrolet,Volt,2007,,13,0.729166667,TRUE,Chevrolet Volt,,,
Chevrolet,Volt,2008,,13,0.729166667,TRUE,Chevrolet Volt,,,
Audi,A3,2011,75,14,0.729166667,TRUE,Audi A3,,,
Audi,Q7,2017,75,14,0.729166667,TRUE,Audi Q7,,,
Chevrolet,Impala,2017,75,14,0.729166667,TRUE,Chevrolet Impala,,,
Kia,Forte,2017,75,14,0.729166667,TRUE,Kia Forte,,,
Acura,TSX,2004,85,19,0.727083333,TRUE,Acura TSX,,,
Cadillac,Escalade,2004,85,19,0.727083333,TRUE,Cadillac Escalade,,,
Ford,Mustang,2012,85,19,0.727083333,TRUE,Ford Mustang,,,
Ford,Mustang,2013,85,19,0.727083333,TRUE,Ford Mustang,,,
Honda,CR-V,2013,85,19,0.727083333,TRUE,Honda CR-V,,,
Honda,CR-V,2014,85,19,0.727083333,TRUE,Honda CR-V,,,
Acura,TL,2010,78,16,0.723333333,TRUE,Acura TL,,,
Cadillac,Escalade,2008,78,16,0.723333333,TRUE,Cadillac Escalade,,,
Chevrolet,Corvette,2011,78,16,0.723333333,TRUE,Chevrolet Corvette,,,
Lincoln,MKX,2007,78,16,0.723333333,TRUE,Lincoln MKX,,,
Acura,RL,2007,80,17,0.722916667,TRUE,Acura RL,,,
Audi,A6,2013,80,17,0.722916667,TRUE,Audi A6,,,
Volvo,XC60,2012,80,17,0.722916667,TRUE,Volvo XC60,,,
Buick,LaCrosse,2014,82,18,0.7225,TRUE,Buick LaCrosse,,,
Chevrolet,Tahoe,2003,82,18,0.7225,TRUE,Chevrolet Tahoe,,,
Mazda,Mazda5,2013,82,18,0.7225,TRUE,Mazda Mazda5,,,
Audi,A6,2015,75,15,0.71875,TRUE,Audi A6,,,
Buick,Enclave,2015,75,15,0.71875,TRUE,Buick Enclave,,,
Chevrolet,Tahoe,2008,77,16,0.718333333,TRUE,Chevrolet Tahoe,,,
Toyota,Sienna,2009,77,16,0.718333333,TRUE,Toyota Sienna,,,
Honda,CR-V,2003,85,20,0.716666667,TRUE,Honda CR-V,,,
Toyota,Sienna,2003,85,20,0.716666667,TRUE,Toyota Sienna,,,
Cadillac,Escalade,2007,78,17,0.712916667,TRUE,Cadillac Escalade,,,
Mercedes-Benz,E_Class,2010,78,17,0.712916667,TRUE,Mercedes-Benz E_Class,,,
Subaru,Legacy,2011,78,17,0.712916667,TRUE,Subaru Legacy,,,
Buick,LaCrosse,2012,80,18,0.7125,TRUE,Buick LaCrosse,,,
Chevrolet,Impala,2012,80,18,0.7125,TRUE,Chevrolet Impala,,,
Subaru,Outback,2014,82,19,0.712083333,TRUE,Subaru Outback,,,
Buick,LaCrosse,2008,75,16,0.708333333,TRUE,Buick LaCrosse,,,
Chevrolet,Corvette,2009,75,16,0.708333333,TRUE,Chevrolet Corvette,,,
Chevrolet,Corvette,2010,75,16,0.708333333,TRUE,Chevrolet Corvette,,,
Chevrolet,Impala,2009,75,16,0.708333333,TRUE,Chevrolet Impala,,,
Chevrolet,Impala,2010,75,16,0.708333333,TRUE,Chevrolet Impala,,,
Dodge,Challenger,2009,75,16,0.708333333,TRUE,Dodge Challenger,,,
Ford,Mustang,2007,75,16,0.708333333,TRUE,Ford Mustang,,,
Honda,Fit,2007,75,16,0.708333333,TRUE,Honda Fit,,,
Honda,Fit,2008,75,16,0.708333333,TRUE,Honda Fit,,,
Mazda,Mazda3,2009,75,16,0.708333333,TRUE,Mazda Mazda3,,,
Nissan,Xterra,2008,75,16,0.708333333,TRUE,Nissan Xterra,,,
Toyota,Sienna,2008,75,16,0.708333333,TRUE,Toyota Sienna,,,
Acura,Legend,2003,,14,0.708333333,TRUE,Acura Legend,,,
Acura,Legend,2004,,14,0.708333333,TRUE,Acura Legend,,,
Acura,RSX,2017,,14,0.708333333,TRUE,Acura RSX,,,
Acura,SLX,2008,,14,0.708333333,TRUE,Acura SLX,,,
Acura,SLX,2009,,14,0.708333333,TRUE,Acura SLX,,,
Acura,SLX,2010,,14,0.708333333,TRUE,Acura SLX,,,
Acura,Vigor,2005,,14,0.708333333,TRUE,Acura Vigor,,,
Acura,Vigor,2006,,14,0.708333333,TRUE,Acura Vigor,,,
Acura,ZDX,2006,,14,0.708333333,TRUE,Acura ZDX,,,
Acura,ZDX,2007,,14,0.708333333,TRUE,Acura ZDX,,,
Audi,A5,2017,,14,0.708333333,TRUE,Audi A5,,,
Audi,A6,2017,,14,0.708333333,TRUE,Audi A6,,,
Audi,A7,2006,,14,0.708333333,TRUE,Audi A7,,,
Audi,R8,2002,,14,0.708333333,TRUE,Audi R8,,,
Audi,TT,2010,,14,0.708333333,TRUE,Audi TT,,,
Audi,TT,2016,,14,0.708333333,TRUE,Audi TT,,,
Audi,TT,2017,,14,0.708333333,TRUE,Audi TT,,,
BMW,M5,2017,,14,0.708333333,TRUE,BMW M5,,,
BMW,Z4,2017,,14,0.708333333,TRUE,BMW Z4,,,
Chevrolet,Volt,2005,,14,0.708333333,TRUE,Chevrolet Volt,,,
Chevrolet,Volt,2006,,14,0.708333333,TRUE,Chevrolet Volt,,,
Mazda,Mazda5,2016,,14,0.708333333,TRUE,Mazda Mazda5,,,
Mazda,Mazda5,2017,,14,0.708333333,TRUE,Mazda Mazda5,,,
Nissan,Leaf,2017,,14,0.708333333,TRUE,Nissan Leaf,,,
Nissan,Xterra,2017,,14,0.708333333,TRUE,Nissan Xterra,,,
Nissan,Xterra,2018,,14,0.708333333,TRUE,Nissan Xterra,,,
Porsche,Cayman,2017,,14,0.708333333,TRUE,Porsche Cayman,,,
Scion,iQ,2017,,14,0.708333333,TRUE,Scion iQ,,,
Subaru,Impreza,2001,,14,0.708333333,TRUE,Subaru Impreza,,,
Toyota,Avalon,2017,,14,0.708333333,TRUE,Toyota Avalon,,,
Toyota,Sequoia,2016,,14,0.708333333,TRUE,Toyota Sequoia,,,
Toyota,Sequoia,2017,,14,0.708333333,TRUE,Toyota Sequoia,,,
Volvo,S60,2017,,14,0.708333333,TRUE,Volvo S60,,,
Volvo,V90,2006,,14,0.708333333,TRUE,Volvo V90,,,
Chevrolet,Corvette,2017,70,14,0.704166667,TRUE,Chevrolet Corvette,,,
GMC,Acadia,2017,70,14,0.704166667,TRUE,GMC Acadia,,,
Dodge,Challenger,2010,74,16,0.703333333,TRUE,Dodge Challenger,,,
Chevrolet,Impala,2011,78,18,0.7025,TRUE,Chevrolet Impala,,,
Mercedes-Benz,E_Class,2011,78,18,0.7025,TRUE,Mercedes-Benz E_Class,,,
Acura,TSX,2005,80,19,0.702083333,TRUE,Acura TSX,,,
Ford,Explorer,2012,80,19,0.702083333,TRUE,Ford Explorer,,,
Toyota,Yaris,2013,80,19,0.702083333,TRUE,Toyota Yaris,,,
Toyota,Corolla,2003,82,20,0.701666667,TRUE,Toyota Corolla,,,
Audi,TT,2008,75,17,0.697916667,TRUE,Audi TT,,,
Chevrolet,Impala,2014,75,17,0.697916667,TRUE,Chevrolet Impala,,,
Chevrolet,Tahoe,2007,75,17,0.697916667,TRUE,Chevrolet Tahoe,,,
Hyundai,Elantra,2006,75,17,0.697916667,TRUE,Hyundai Elantra,,,
Mercedes-Benz,E_Class,2014,75,17,0.697916667,TRUE,Mercedes-Benz E_Class,,,
Subaru,Legacy,2010,75,17,0.697916667,TRUE,Subaru Legacy,,,
Toyota,Sienna,2007,75,17,0.697916667,TRUE,Toyota Sienna,,,
Volkswagen,Golf,2010,75,17,0.697916667,TRUE,Volkswagen Golf,,,
Volvo,XC70,2011,75,17,0.697916667,TRUE,Volvo XC70,,,
Chrysler,300,2017,70,15,0.69375,TRUE,Chrysler 300,,,
Mercedes-Benz,E_Class,2017,70,15,0.69375,TRUE,Mercedes-Benz E_Class,,,
Dodge,Challenger,2008,72,16,0.693333333,TRUE,Dodge Challenger,,,
Dodge,Challenger,2014,76,18,0.6925,TRUE,Dodge Challenger,,,
Honda,Accord,2004,76,18,0.6925,TRUE,Honda Accord,,,
Mercedes-Benz,E_Class,2012,76,18,0.6925,TRUE,Mercedes-Benz E_Class,,,
BMW,3_Series,2013,78,19,0.692083333,TRUE,BMW 3_Series,,,
Ford,Explorer,2016,78,19,0.692083333,TRUE,Ford Explorer,,,
Toyota,Highlander,2003,80,20,0.691666667,TRUE,Toyota Highlander,,,
Ford,Expedition,2004,73,17,0.687916667,TRUE,Ford Expedition,,,
Acura,CL,2016,,15,0.6875,TRUE,Acura CL,,,
Acura,CL,2017,,15,0.6875,TRUE,Acura CL,,,
Acura,Integra,2016,,15,0.6875,TRUE,Acura Integra,,,
Acura,Integra,2017,,15,0.6875,TRUE,Acura Integra,,,
Acura,RDX,2011,75,18,0.6875,TRUE,Acura RDX,,,
Acura,RDX,2017,,15,0.6875,TRUE,Acura RDX,,,
Acura,RL,2017,,15,0.6875,TRUE,Acura RL,,,
Acura,RSX,2005,75,18,0.6875,TRUE,Acura RSX,,,
Acura,RSX,2016,,15,0.6875,TRUE,Acura RSX,,,
Acura,TL,2016,,15,0.6875,TRUE,Acura TL,,,
Acura,TL,2017,,15,0.6875,TRUE,Acura TL,,,
Acura,Vigor,2004,,15,0.6875,TRUE,Acura Vigor,,,
Audi,A5,2016,,15,0.6875,TRUE,Audi A5,,,
Audi,A6,2019,,15,0.6875,TRUE,Audi A6,,,
Audi,A7,2005,,15,0.6875,TRUE,Audi A7,,,
Audi,R8,1999,,15,0.6875,TRUE,Audi R8,,,
BMW,5_Series,2019,,15,0.6875,TRUE,BMW 5_Series,,,
BMW,M5,2016,,15,0.6875,TRUE,BMW M5,,,
Ford,Expedition,2016,75,18,0.6875,TRUE,Ford Expedition,,,
Lincoln,MKX,2017,,15,0.6875,TRUE,Lincoln MKX,,,
Mercedes-Benz,E_Class,2004,75,18,0.6875,TRUE,Mercedes-Benz E_Class,,,
Mercedes-Benz,E_Class,2018,,15,0.6875,TRUE,Mercedes-Benz E_Class,,,
MINI,Cooper,2017,,15,0.6875,TRUE,MINI Cooper,,,
MINI,Cooper,2018,,15,0.6875,TRUE,MINI Cooper,,,
Nissan,Leaf,2016,,15,0.6875,TRUE,Nissan Leaf,,,
Nissan,Xterra,2016,,15,0.6875,TRUE,Nissan Xterra,,,
Porsche,911,1996,,15,0.6875,TRUE,Porsche 911,,,
Porsche,Cayman,2016,,15,0.6875,TRUE,Porsche Cayman,,,
Subaru,Legacy,2016,,15,0.6875,TRUE,Subaru Legacy,,,
Toyota,Sienna,2016,,15,0.6875,TRUE,Toyota Sienna,,,
Toyota,Tacoma,2001,75,18,0.6875,TRUE,Toyota Tacoma,,,
Volkswagen,Eos,2012,75,18,0.6875,TRUE,Volkswagen Eos,,,
Volvo,S80,2017,,15,0.6875,TRUE,Volvo S80,,,
Volvo,V90,2005,,15,0.6875,TRUE,Volvo V90,,,
Volvo,XC60,2013,75,18,0.6875,TRUE,Volvo XC60,,,
Volvo,XC60,2017,,15,0.6875,TRUE,Volvo XC60,,,
Volvo,XC70,2017,,15,0.6875,TRUE,Volvo XC70,,,
Audi,A5,2008,70,16,0.683333333,TRUE,Audi A5,,,
Toyota,Corolla,2008,70,16,0.683333333,TRUE,Toyota Corolla,,,
Volvo,S60,2008,70,16,0.683333333,TRUE,Volvo S60,,,
Lincoln,Navigator,2009,72,17,0.682916667,TRUE,Lincoln Navigator,,,
Mercedes-Benz,E_Class,2008,72,17,0.682916667,TRUE,Mercedes-Benz E_Class,,,
Mercedes-Benz,E_Class,2005,74,18,0.6825,TRUE,Mercedes-Benz E_Class,,,
Buick,Enclave,2013,75,19,0.677083333,TRUE,Buick Enclave,,,
Buick,LaCrosse,2011,75,19,0.677083333,TRUE,Buick LaCrosse,,,
Ford,Explorer,2013,75,19,0.677083333,TRUE,Ford Explorer,,,
Honda,CR-V,2004,75,19,0.677083333,TRUE,Honda CR-V,,,
Mercedes-Benz,E_Class,2013,75,19,0.677083333,TRUE,Mercedes-Benz E_Class,,,
Acura,RDX,2007,70,17,0.672916667,TRUE,Acura RDX,,,
Ford,Explorer,2014,70,17,0.672916667,TRUE,Ford Explorer,,,
Ford,Explorer,2015,70,17,0.672916667,TRUE,Ford Explorer,,,
Kia,Forte,2016,70,17,0.672916667,TRUE,Kia Forte,,,
Lincoln,Navigator,2008,70,17,0.672916667,TRUE,Lincoln Navigator,,,
Mercedes-Benz,E_Class,2009,70,17,0.672916667,TRUE,Mercedes-Benz E_Class,,,
BMW,3_Series,2004,72,18,0.6725,TRUE,BMW 3_Series,,,
Honda,Odyssey,2012,72,18,0.6725,TRUE,Honda Odyssey,,,
Honda,Odyssey,2013,72,18,0.6725,TRUE,Honda Odyssey,,,
Acura,Integra,2008,,16,0.666666667,TRUE,Acura Integra,,,
Acura,Integra,2009,,16,0.666666667,TRUE,Acura Integra,,,
Acura,Legend,1997,,16,0.666666667,TRUE,Acura Legend,,,
Acura,Legend,1998,,16,0.666666667,TRUE,Acura Legend,,,
Acura,Legend,1999,,16,0.666666667,TRUE,Acura Legend,,,
Acura,Legend,2001,,16,0.666666667,TRUE,Acura Legend,,,
Acura,Legend,2002,,16,0.666666667,TRUE,Acura Legend,,,
Acura,RL,2008,,16,0.666666667,TRUE,Acura RL,,,
Acura,RL,2009,,16,0.666666667,TRUE,Acura RL,,,
Acura,RL,2010,,16,0.666666667,TRUE,Acura RL,,,
Acura,RL,2016,,16,0.666666667,TRUE,Acura RL,,,
Acura,RSX,2008,,16,0.666666667,TRUE,Acura RSX,,,
Acura,RSX,2009,,16,0.666666667,TRUE,Acura RSX,,,
Acura,RSX,2010,,16,0.666666667,TRUE,Acura RSX,,,
Acura,RSX,2011,,16,0.666666667,TRUE,Acura RSX,,,
Acura,SLX,2006,,16,0.666666667,TRUE,Acura SLX,,,
Acura,SLX,2007,,16,0.666666667,TRUE,Acura SLX,,,
Acura,TSX,2016,,16,0.666666667,TRUE,Acura TSX,,,
Acura,TSX,2017,,16,0.666666667,TRUE,Acura TSX,,,
Acura,ZDX,2005,,16,0.666666667,TRUE,Acura ZDX,,,
Audi,A5,2007,,16,0.666666667,TRUE,Audi A5,,,
Audi,A7,2004,,16,0.666666667,TRUE,Audi A7,,,
Audi,R8,2000,,16,0.666666667,TRUE,Audi R8,,,
Audi,R8,2001,,16,0.666666667,TRUE,Audi R8,,,
BMW,M5,2009,,16,0.666666667,TRUE,BMW M5,,,
BMW,M5,2010,,16,0.666666667,TRUE,BMW M5,,,
BMW,Z4,2010,,16,0.666666667,TRUE,BMW Z4,,,
BMW,Z4,2011,,16,0.666666667,TRUE,BMW Z4,,,
Kia,Forte,2008,,16,0.666666667,TRUE,Kia Forte,,,
Lincoln,MKX,2016,,16,0.666666667,TRUE,Lincoln MKX,,,
MINI,Cooper,2016,,16,0.666666667,TRUE,MINI Cooper,,,
Nissan,Leaf,2008,,16,0.666666667,TRUE,Nissan Leaf,,,
Nissan,Leaf,2009,,16,0.666666667,TRUE,Nissan Leaf,,,
Nissan,Leaf,2010,,16,0.666666667,TRUE,Nissan Leaf,,,
Nissan,Leaf,2011,,16,0.666666667,TRUE,Nissan Leaf,,,
Porsche,Cayman,2008,,16,0.666666667,TRUE,Porsche Cayman,,,
Porsche,Cayman,2009,,16,0.666666667,TRUE,Porsche Cayman,,,
Porsche,Cayman,2010,,16,0.666666667,TRUE,Porsche Cayman,,,
Porsche,Cayman,2011,,16,0.666666667,TRUE,Porsche Cayman,,,
Scion,iQ,2016,,16,0.666666667,TRUE,Scion iQ,,,
Toyota,Avalon,2009,,16,0.666666667,TRUE,Toyota Avalon,,,
Toyota,Avalon,2010,,16,0.666666667,TRUE,Toyota Avalon,,,
Toyota,Sequoia,2015,,16,0.666666667,TRUE,Toyota Sequoia,,,
Toyota,Sienna,2011,,16,0.666666667,TRUE,Toyota Sienna,,,
Toyota,Yaris,2016,,16,0.666666667,TRUE,Toyota Yaris,,,
Volkswagen,CC,2015,,16,0.666666667,TRUE,Volkswagen CC,,,
Volkswagen,Eos,2016,,16,0.666666667,TRUE,Volkswagen Eos,,,
Volkswagen,Golf,2009,,16,0.666666667,TRUE,Volkswagen Golf,,,
Volvo,S80,2015,,16,0.666666667,TRUE,Volvo S80,,,
Volvo,XC60,2008,,16,0.666666667,TRUE,Volvo XC60,,,
Volvo,XC60,2009,,16,0.666666667,TRUE,Volvo XC60,,,
Acura,RL,2005,70,18,0.6625,TRUE,Acura RL,,,
Chevrolet,Impala,2013,70,18,0.6625,TRUE,Chevrolet Impala,,,
Honda,Odyssey,2009,70,18,0.6625,TRUE,Honda Odyssey,,,
Honda,Odyssey,2011,70,18,0.6625,TRUE,Honda Odyssey,,,
Volvo,XC70,2007,70,18,0.6625,TRUE,Volvo XC70,,,
BMW,5_Series,2013,70,19,0.652083333,TRUE,BMW 5_Series,,,
Chrysler,300,2013,70,19,0.652083333,TRUE,Chrysler 300,,,
Acura,CL,2006,,17,0.645833333,TRUE,Acura CL,,,
Acura,CL,2007,,17,0.645833333,TRUE,Acura CL,,,
Acura,CL,2008,,17,0.645833333,TRUE,Acura CL,,,
Acura,CL,2009,,17,0.645833333,TRUE,Acura CL,,,
Acura,CL,2010,,17,0.645833333,TRUE,Acura CL,,,
Acura,CL,2011,,17,0.645833333,TRUE,Acura CL,,,
Acura,CL,2015,,17,0.645833333,TRUE,Acura CL,,,
Acura,Integra,2006,,17,0.645833333,TRUE,Acura Integra,,,
Acura,Integra,2007,,17,0.645833333,TRUE,Acura Integra,,,
Acura,Integra,2010,,17,0.645833333,TRUE,Acura Integra,,,
Acura,Integra,2011,,17,0.645833333,TRUE,Acura Integra,,,
Acura,Integra,2015,,17,0.645833333,TRUE,Acura Integra,,,
Acura,RDX,2006,,17,0.645833333,TRUE,Acura RDX,,,
Acura,RL,2011,,17,0.645833333,TRUE,Acura RL,,,
Acura,RL,2015,,17,0.645833333,TRUE,Acura RL,,,
Acura,RSX,2012,,17,0.645833333,TRUE,Acura RSX,,,
Acura,RSX,2015,,17,0.645833333,TRUE,Acura RSX,,,
Acura,SLX,2004,,17,0.645833333,TRUE,Acura SLX,,,
Acura,SLX,2005,,17,0.645833333,TRUE,Acura SLX,,,
Acura,TL,2015,,17,0.645833333,TRUE,Acura TL,,,
Acura,ZDX,2004,,17,0.645833333,TRUE,Acura ZDX,,,
Audi,Q7,2006,,17,0.645833333,TRUE,Audi Q7,,,
Audi,R8,1997,,17,0.645833333,TRUE,Audi R8,,,
Audi,R8,1998,,17,0.645833333,TRUE,Audi R8,,,
Audi,TT,2007,,17,0.645833333,TRUE,Audi TT,,,
Audi,TT,2013,,17,0.645833333,TRUE,Audi TT,,,
Audi,TT,2015,,17,0.645833333,TRUE,Audi TT,,,
BMW,M5,2002,,17,0.645833333,TRUE,BMW M5,,,
BMW,M5,2011,,17,0.645833333,TRUE,BMW M5,,,
BMW,M5,2014,,17,0.645833333,TRUE,BMW M5,,,
BMW,M5,2015,,17,0.645833333,TRUE,BMW M5,,,
Buick,Enclave,2007,,17,0.645833333,TRUE,Buick Enclave,,,
Chevrolet,Volt,2004,,17,0.645833333,TRUE,Chevrolet Volt,,,
Kia,Forte,2007,,17,0.645833333,TRUE,Kia Forte,,,
Lincoln,MKX,2015,,17,0.645833333,TRUE,Lincoln MKX,,,
Mazda,CX-5,2007,,17,0.645833333,TRUE,Mazda CX-5,,,
Mazda,CX-5,2008,,17,0.645833333,TRUE,Mazda CX-5,,,
Mazda,CX-5,2009,,17,0.645833333,TRUE,Mazda CX-5,,,
Mazda,CX-5,2010,,17,0.645833333,TRUE,Mazda CX-5,,,
Mazda,CX-5,2011,,17,0.645833333,TRUE,Mazda CX-5,,,
Mazda,MX-5,2015,,17,0.645833333,TRUE,Mazda MX-5,,,
MINI,Cooper,2011,,17,0.645833333,TRUE,MINI Cooper,,,
MINI,Cooper,2012,,17,0.645833333,TRUE,MINI Cooper,,,
MINI,Cooper,2015,,17,0.645833333,TRUE,MINI Cooper,,,
Nissan,Leaf,2007,,17,0.645833333,TRUE,Nissan Leaf,,,
Nissan,Leaf,2015,,17,0.645833333,TRUE,Nissan Leaf,,,
Porsche,Cayman,2007,,17,0.645833333,TRUE,Porsche Cayman,,,
Porsche,Cayman,2015,,17,0.645833333,TRUE,Porsche Cayman,,,
Scion,iQ,2007,,17,0.645833333,TRUE,Scion iQ,,,
Scion,iQ,2008,,17,0.645833333,TRUE,Scion iQ,,,
Scion,iQ,2009,,17,0.645833333,TRUE,Scion iQ,,,
Scion,iQ,2010,,17,0.645833333,TRUE,Scion iQ,,,
Scion,iQ,2011,,17,0.645833333,TRUE,Scion iQ,,,
Scion,iQ,2015,,17,0.645833333,TRUE,Scion iQ,,,
Toyota,Avalon,2011,,17,0.645833333,TRUE,Toyota Avalon,,,
Toyota,Avalon,2015,,17,0.645833333,TRUE,Toyota Avalon,,,
Toyota,Sienna,2015,,17,0.645833333,TRUE,Toyota Sienna,,,
Toyota,Yaris,2006,,17,0.645833333,TRUE,Toyota Yaris,,,
Volkswagen,CC,2007,,17,0.645833333,TRUE,Volkswagen CC,,,
Volkswagen,Eos,2015,,17,0.645833333,TRUE,Volkswagen Eos,,,
Volkswagen,Golf,2014,,17,0.645833333,TRUE,Volkswagen Golf,,,
Volvo,S60,2018,,17,0.645833333,TRUE,Volvo S60,,,
Volvo,S80,2011,,17,0.645833333,TRUE,Volvo S80,,,
Volvo,V90,1999,,17,0.645833333,TRUE,Volvo V90,,,
Volvo,V90,2004,,17,0.645833333,TRUE,Volvo V90,,,
Volvo,XC60,2007,,17,0.645833333,TRUE,Volvo XC60,,,
