Make,Model,ChartType,Year,Value
Audi,A3,QIRRate,2005,40.0
Audi,A3,QIRRate,2006,40.0
Audi,A3,QIRRate,2007,48.0
Audi,A3,QIRRate,2008,35.0
Audi,A3,QIRRate,2009,40.0
Audi,A3,QIRRate,2010,40.0
Audi,A3,QIRRate,2011,75.0
Audi,A3,QIRRate,2012,60.0
Audi,A3,QIRRate,2013,60.0
Audi,A3,QIRRate,2014,60.0
Audi,A3,QIRRate,2015,48.0
Audi,A3,QIRRate,2016,55.0
Audi,A3,QIRRate,2017,8.0
Audi,A5,DefectRate,1992,27.0
Audi,A5,DefectRate,1993,27.0
Audi,A5,DefectRate,1994,27.0
Audi,A5,DefectRate,1995,26.0
Audi,A5,DefectRate,1996,26.0
Audi,A5,DefectRate,1997,25.0
Audi,A5,DefectRate,1998,24.0
Audi,A5,DefectRate,1999,23.0
Audi,A5,DefectRate,2000,23.0
Audi,A5,DefectRate,2001,23.0
Audi,A5,DefectRate,2002,22.0
Audi,A5,DefectRate,2003,20.0
Audi,A5,DefectRate,2004,19.0
Audi,A5,DefectRate,2005,19.0
Audi,A5,DefectRate,2006,18.0
Audi,A5,DefectRate,2007,16.0
Audi,A5,DefectRate,2008,16.0
Audi,A5,DefectRate,2009,16.0
Audi,A5,DefectRate,2010,16.0
Audi,A5,DefectRate,2011,16.0
Audi,A5,DefectRate,2012,18.0
Audi,A5,DefectRate,2013,18.0
Audi,A5,DefectRate,2014,19.0
Audi,A5,DefectRate,2015,17.0
Audi,A5,DefectRate,2016,15.0
Audi,A5,DefectRate,2017,14.0
Audi,A5,DefectRate,2018,7.0
Audi,A5,DefectRate,2019,7.0
Audi,A3,DefectRate,1992,27.0
Audi,A3,DefectRate,1993,27.0
Audi,A3,DefectRate,1994,27.0
Audi,A3,DefectRate,1995,26.0
Audi,A3,DefectRate,1996,26.0
Audi,A3,DefectRate,1997,25.0
Audi,A3,DefectRate,1998,24.0
Audi,A3,DefectRate,1999,24.0
Audi,A3,DefectRate,2000,24.0
Audi,A3,DefectRate,2001,23.0
Audi,A3,DefectRate,2002,23.0
Audi,A3,DefectRate,2003,21.0
Audi,A3,DefectRate,2004,20.0
Audi,A3,DefectRate,2005,19.0
Audi,A3,DefectRate,2006,19.0
Audi,A3,DefectRate,2007,17.0
Audi,A3,DefectRate,2008,17.0
Audi,A3,DefectRate,2009,17.0
Audi,A3,DefectRate,2010,17.0
Audi,A3,DefectRate,2011,14.0
Audi,A3,DefectRate,2012,18.0
Audi,A3,DefectRate,2013,18.0
Audi,A3,DefectRate,2014,18.0
Audi,A3,DefectRate,2015,23.0
Audi,A3,DefectRate,2016,23.0
Audi,A3,DefectRate,2017,14.0
Audi,A3,DefectRate,2018,11.0
Audi,A3,DefectRate,2019,7.0
Audi,A5,QIRRate,2008,70.0
Audi,A5,QIRRate,2009,80.0
Audi,A5,QIRRate,2010,65.0
Audi,A5,QIRRate,2011,90.0
Audi,A5,QIRRate,2012,85.0
Audi,A5,QIRRate,2013,85.0
Audi,A5,QIRRate,2014,95.0
Audi,A5,QIRRate,2015,95.0
Audi,A6,QIRRate,1998,50.0
Audi,A6,QIRRate,1999,35.0
Audi,A6,QIRRate,2000,10.0
Audi,A6,QIRRate,2001,5.0
Audi,A6,QIRRate,2002,2.0
Audi,A6,QIRRate,2003,2.0
Audi,A6,QIRRate,2004,18.0
Audi,A6,QIRRate,2005,47.0
Audi,A6,QIRRate,2006,60.0
Audi,A6,QIRRate,2007,65.0
Audi,A6,QIRRate,2008,60.0
Audi,A6,QIRRate,2009,62.0
Audi,A6,QIRRate,2010,55.0
Audi,A6,QIRRate,2011,55.0
Audi,A6,QIRRate,2012,55.0
Audi,A6,QIRRate,2013,80.0
Audi,A6,QIRRate,2014,90.0
Audi,A6,QIRRate,2015,75.0
Audi,A6,QIRRate,2016,90.0
Audi,A7,DefectRate,1993,27.0
Audi,A7,DefectRate,1994,27.0
Audi,A7,DefectRate,1995,29.0
Audi,A7,DefectRate,1996,27.0
Audi,A7,DefectRate,1997,27.0
Audi,A7,DefectRate,1998,22.0
Audi,A7,DefectRate,1999,24.0
Audi,A7,DefectRate,2000,24.0
Audi,A7,DefectRate,2001,22.0
Audi,A7,DefectRate,2002,21.0
Audi,A7,DefectRate,2003,18.0
Audi,A7,DefectRate,2004,16.0
Audi,A7,DefectRate,2005,15.0
Audi,A7,DefectRate,2006,14.0
Audi,A7,DefectRate,2007,12.0
Audi,A7,DefectRate,2008,12.0
Audi,A7,DefectRate,2009,8.0
Audi,A7,DefectRate,2010,8.0
Audi,A7,DefectRate,2011,8.0
Audi,A7,DefectRate,2012,10.0
Audi,A7,DefectRate,2013,7.0
Audi,A7,DefectRate,2014,1.0
Audi,A7,DefectRate,2015,1.0
Audi,A6,DefectRate,1992,27.0
Audi,A6,DefectRate,1993,27.0
Audi,A6,DefectRate,1994,27.0
Audi,A6,DefectRate,1995,33.0
Audi,A6,DefectRate,1996,42.0
Audi,A6,DefectRate,1997,25.0
Audi,A6,DefectRate,1998,23.0
Audi,A6,DefectRate,1999,23.0
Audi,A6,DefectRate,2000,30.0
Audi,A6,DefectRate,2001,29.0
Audi,A6,DefectRate,2002,28.0
Audi,A6,DefectRate,2003,26.0
Audi,A6,DefectRate,2004,25.0
Audi,A6,DefectRate,2005,19.0
Audi,A6,DefectRate,2006,17.0
Audi,A6,DefectRate,2007,17.0
Audi,A6,DefectRate,2008,17.0
Audi,A6,DefectRate,2009,17.0
Audi,A6,DefectRate,2010,18.0
Audi,A6,DefectRate,2011,18.0
Audi,A6,DefectRate,2012,17.0
Audi,A6,DefectRate,2013,17.0
Audi,A6,DefectRate,2014,16.0
Audi,A6,DefectRate,2015,15.0
Audi,A6,DefectRate,2016,14.0
Audi,A6,DefectRate,2017,14.0
Audi,A6,DefectRate,2018,7.0
Audi,A6,DefectRate,2019,15.0
Audi,Q7,QIRRate,2007,47.0
Audi,Q7,QIRRate,2008,82.0
Audi,Q7,QIRRate,2009,88.0
Audi,Q7,QIRRate,2010,85.0
Audi,Q7,QIRRate,2011,67.0
Audi,Q7,QIRRate,2012,92.0
Audi,Q7,QIRRate,2013,96.0
Audi,Q7,QIRRate,2014,90.0
Audi,Q7,QIRRate,2015,96.0
Audi,Q7,QIRRate,2016,96.0
Audi,Q7,QIRRate,2017,75.0
Audi,R8,DefectRate,1993,16.0
Audi,R8,DefectRate,1994,16.0
Audi,R8,DefectRate,1995,22.0
Audi,R8,DefectRate,1996,22.0
Audi,R8,DefectRate,1997,17.0
Audi,R8,DefectRate,1998,17.0
Audi,R8,DefectRate,1999,15.0
Audi,R8,DefectRate,2000,16.0
Audi,R8,DefectRate,2001,16.0
Audi,R8,DefectRate,2002,14.0
Audi,R8,DefectRate,2003,11.0
Audi,R8,DefectRate,2004,11.0
Audi,R8,DefectRate,2005,11.0
Audi,R8,DefectRate,2006,11.0
Audi,R8,DefectRate,2007,10.0
Audi,R8,DefectRate,2008,8.0
Audi,R8,DefectRate,2009,7.0
Audi,R8,DefectRate,2010,8.0
Audi,R8,DefectRate,2011,6.0
Audi,R8,DefectRate,2012,1.0
Audi,R8,DefectRate,2013,3.0
Audi,R8,DefectRate,2014,2.0
Audi,R8,DefectRate,2015,2.0
Audi,Q7,DefectRate,1992,27.0
Audi,Q7,DefectRate,1993,27.0
Audi,Q7,DefectRate,1994,27.0
Audi,Q7,DefectRate,1995,26.0
Audi,Q7,DefectRate,1996,26.0
Audi,Q7,DefectRate,1997,25.0
Audi,Q7,DefectRate,1998,24.0
Audi,Q7,DefectRate,1999,24.0
Audi,Q7,DefectRate,2000,24.0
Audi,Q7,DefectRate,2001,23.0
Audi,Q7,DefectRate,2002,23.0
Audi,Q7,DefectRate,2003,21.0
Audi,Q7,DefectRate,2004,19.0
Audi,Q7,DefectRate,2005,19.0
Audi,Q7,DefectRate,2006,17.0
Audi,Q7,DefectRate,2007,17.0
Audi,Q7,DefectRate,2008,16.0
Audi,Q7,DefectRate,2009,16.0
Audi,Q7,DefectRate,2010,16.0
Audi,Q7,DefectRate,2011,17.0
Audi,Q7,DefectRate,2012,18.0
Audi,Q7,DefectRate,2013,18.0
Audi,Q7,DefectRate,2014,17.0
Audi,Q7,DefectRate,2015,16.0
Audi,Q7,DefectRate,2016,14.0
Audi,Q7,DefectRate,2017,14.0
Audi,Q7,DefectRate,2018,11.0
Audi,Q7,DefectRate,2019,6.0
Audi,TT,QIRRate,2000,75.0
Audi,TT,QIRRate,2001,80.0
Audi,TT,QIRRate,2002,80.0
Audi,TT,QIRRate,2003,40.0
Audi,TT,QIRRate,2008,75.0
Audi,TT,DefectRate,1992,27.0
Audi,TT,DefectRate,1993,27.0
Audi,TT,DefectRate,1994,27.0
Audi,TT,DefectRate,1995,26.0
Audi,TT,DefectRate,1996,26.0
Audi,TT,DefectRate,1997,25.0
Audi,TT,DefectRate,1998,24.0
Audi,TT,DefectRate,1999,24.0
Audi,TT,DefectRate,2000,24.0
Audi,TT,DefectRate,2001,15.0
Audi,TT,DefectRate,2002,13.0
Audi,TT,DefectRate,2003,13.0
Audi,TT,DefectRate,2004,24.0
Audi,TT,DefectRate,2005,18.0
Audi,TT,DefectRate,2006,18.0
Audi,TT,DefectRate,2007,17.0
Audi,TT,DefectRate,2008,17.0
Audi,TT,DefectRate,2009,11.0
Audi,TT,DefectRate,2010,14.0
Audi,TT,DefectRate,2011,18.0
Audi,TT,DefectRate,2012,18.0
Audi,TT,DefectRate,2013,17.0
Audi,TT,DefectRate,2014,22.0
Audi,TT,DefectRate,2015,17.0
Audi,TT,DefectRate,2016,14.0
Audi,TT,DefectRate,2017,14.0
Audi,TT,DefectRate,2018,9.0
Audi,TT,DefectRate,2019,8.0
BMW,3_Series,DefectRate,1992,12.0
BMW,3_Series,DefectRate,1993,12.0
BMW,3_Series,DefectRate,1994,30.0
BMW,3_Series,DefectRate,1995,27.0
BMW,3_Series,DefectRate,1996,25.0
BMW,3_Series,DefectRate,1997,25.0
BMW,3_Series,DefectRate,1998,24.0
BMW,3_Series,DefectRate,1999,24.0
BMW,3_Series,DefectRate,2000,24.0
BMW,3_Series,DefectRate,2001,23.0
BMW,3_Series,DefectRate,2002,22.0
BMW,3_Series,DefectRate,2003,20.0
BMW,3_Series,DefectRate,2004,18.0
BMW,3_Series,DefectRate,2005,18.0
BMW,3_Series,DefectRate,2006,18.0
BMW,3_Series,DefectRate,2007,17.0
BMW,3_Series,DefectRate,2008,17.0
BMW,3_Series,DefectRate,2009,17.0
BMW,3_Series,DefectRate,2010,18.0
BMW,3_Series,DefectRate,2011,17.0
BMW,3_Series,DefectRate,2012,23.0
BMW,3_Series,DefectRate,2013,19.0
BMW,3_Series,DefectRate,2014,19.0
BMW,3_Series,DefectRate,2015,16.0
BMW,3_Series,DefectRate,2016,15.0
BMW,3_Series,DefectRate,2017,14.0
BMW,3_Series,DefectRate,2018,10.0
BMW,3_Series,DefectRate,2019,7.0
BMW,3_Series,QIRRate,1992,18.0
BMW,3_Series,QIRRate,1993,18.0
BMW,3_Series,QIRRate,1994,45.0
BMW,3_Series,QIRRate,1995,47.0
BMW,3_Series,QIRRate,1996,45.0
BMW,3_Series,QIRRate,1997,43.0
BMW,3_Series,QIRRate,1998,48.0
BMW,3_Series,QIRRate,1999,50.0
BMW,3_Series,QIRRate,2000,42.0
BMW,3_Series,QIRRate,2001,53.0
BMW,3_Series,QIRRate,2002,63.0
BMW,3_Series,QIRRate,2003,65.0
BMW,3_Series,QIRRate,2004,72.0
BMW,3_Series,QIRRate,2005,51.0
BMW,3_Series,QIRRate,2006,51.0
BMW,3_Series,QIRRate,2007,50.0
BMW,3_Series,QIRRate,2008,50.0
BMW,3_Series,QIRRate,2009,57.0
BMW,3_Series,QIRRate,2010,66.0
BMW,3_Series,QIRRate,2011,52.0
BMW,3_Series,QIRRate,2012,52.0
BMW,3_Series,QIRRate,2013,78.0
BMW,3_Series,QIRRate,2014,86.0
BMW,3_Series,QIRRate,2015,86.0
BMW,3_Series,QIRRate,2016,85.0
BMW,3_Series,QIRRate,2017,85.0
BMW,5_Series,DefectRate,1992,25.0
BMW,5_Series,DefectRate,1993,25.0
BMW,5_Series,DefectRate,1994,32.0
BMW,5_Series,DefectRate,1995,38.0
BMW,5_Series,DefectRate,1996,38.0
BMW,5_Series,DefectRate,1997,33.0
BMW,5_Series,DefectRate,1998,36.0
BMW,5_Series,DefectRate,1999,32.0
BMW,5_Series,DefectRate,2000,23.0
BMW,5_Series,DefectRate,2001,24.0
BMW,5_Series,DefectRate,2002,21.0
BMW,5_Series,DefectRate,2003,18.0
BMW,5_Series,DefectRate,2004,24.0
BMW,5_Series,DefectRate,2005,28.0
BMW,5_Series,DefectRate,2006,26.0
BMW,5_Series,DefectRate,2007,23.0
BMW,5_Series,DefectRate,2008,22.0
BMW,5_Series,DefectRate,2009,20.0
BMW,5_Series,DefectRate,2010,18.0
BMW,5_Series,DefectRate,2011,18.0
BMW,5_Series,DefectRate,2012,17.0
BMW,5_Series,DefectRate,2013,19.0
BMW,5_Series,DefectRate,2014,19.0
BMW,5_Series,DefectRate,2015,17.0
BMW,5_Series,DefectRate,2016,15.0
BMW,5_Series,DefectRate,2017,12.0
BMW,5_Series,DefectRate,2018,7.0
BMW,5_Series,DefectRate,2019,15.0
BMW,5_Series,QIRRate,1993,13.0
BMW,5_Series,QIRRate,1994,13.0
BMW,5_Series,QIRRate,1995,1.0
BMW,5_Series,QIRRate,1996,1.0
BMW,5_Series,QIRRate,1997,1.0
BMW,5_Series,QIRRate,1998,1.0
BMW,5_Series,QIRRate,1999,16.0
BMW,5_Series,QIRRate,2000,50.0
BMW,5_Series,QIRRate,2001,36.0
BMW,5_Series,QIRRate,2002,62.0
BMW,5_Series,QIRRate,2003,60.0
BMW,5_Series,QIRRate,2004,30.0
BMW,5_Series,QIRRate,2005,2.0
BMW,5_Series,QIRRate,2006,30.0
BMW,5_Series,QIRRate,2007,18.0
BMW,5_Series,QIRRate,2008,48.0
BMW,5_Series,QIRRate,2009,50.0
BMW,5_Series,QIRRate,2010,48.0
BMW,5_Series,QIRRate,2011,62.0
BMW,5_Series,QIRRate,2012,60.0
BMW,5_Series,QIRRate,2013,70.0
BMW,5_Series,QIRRate,2014,95.0
BMW,5_Series,QIRRate,2015,95.0
BMW,5_Series,QIRRate,2016,93.0
BMW,5_Series,QIRRate,2017,98.0
BMW,M5,QIRRate,2006,45.0
BMW,M5,QIRRate,2007,48.0
BMW,M5,DefectRate,1992,27.0
BMW,M5,DefectRate,1993,27.0
BMW,M5,DefectRate,1994,27.0
BMW,M5,DefectRate,1995,26.0
BMW,M5,DefectRate,1996,26.0
BMW,M5,DefectRate,1997,25.0
BMW,M5,DefectRate,1998,24.0
BMW,M5,DefectRate,1999,24.0
BMW,M5,DefectRate,2000,24.0
BMW,M5,DefectRate,2001,18.0
BMW,M5,DefectRate,2002,17.0
BMW,M5,DefectRate,2003,20.0
BMW,M5,DefectRate,2004,19.0
BMW,M5,DefectRate,2005,18.0
BMW,M5,DefectRate,2006,18.0
BMW,M5,DefectRate,2007,21.0
BMW,M5,DefectRate,2008,21.0
BMW,M5,DefectRate,2009,16.0
BMW,M5,DefectRate,2010,16.0
BMW,M5,DefectRate,2011,17.0
BMW,M5,DefectRate,2012,19.0
BMW,M5,DefectRate,2013,19.0
BMW,M5,DefectRate,2014,17.0
BMW,M5,DefectRate,2015,17.0
BMW,M5,DefectRate,2016,15.0
BMW,M5,DefectRate,2017,14.0
BMW,M5,DefectRate,2018,11.0
BMW,M5,DefectRate,2019,10.0
BMW,X1,DefectRate,2004,11.0
BMW,X1,DefectRate,2005,8.0
BMW,X1,DefectRate,2006,12.0
BMW,X1,DefectRate,2007,10.0
BMW,X1,DefectRate,2008,9.5
BMW,X1,DefectRate,2009,3.5
BMW,X1,DefectRate,2010,3.5
BMW,X1,DefectRate,2011,4.0
BMW,X1,DefectRate,2012,2.0
BMW,X1,DefectRate,2013,7.0
BMW,X1,DefectRate,2014,7.5
BMW,X1,DefectRate,2015,0.0
BMW,Z4,QIRRate,2003,98.0
BMW,Z4,QIRRate,2004,98.0
BMW,Z4,QIRRate,2005,96.0
BMW,Z4,QIRRate,2006,96.0
BMW,Z4,QIRRate,2007,94.0
BMW,Z4,QIRRate,2008,94.0
BMW,Z4,QIRRate,2009,96.0
BMW,Z4,DefectRate,1992,27.0
BMW,Z4,DefectRate,1993,27.0
BMW,Z4,DefectRate,1994,27.0
BMW,Z4,DefectRate,1995,26.0
BMW,Z4,DefectRate,1996,26.0
BMW,Z4,DefectRate,1997,25.0
BMW,Z4,DefectRate,1998,24.0
BMW,Z4,DefectRate,1999,24.0
BMW,Z4,DefectRate,2000,24.0
BMW,Z4,DefectRate,2001,23.0
BMW,Z4,DefectRate,2002,23.0
BMW,Z4,DefectRate,2003,20.0
BMW,Z4,DefectRate,2004,18.0
BMW,Z4,DefectRate,2005,18.0
BMW,Z4,DefectRate,2006,17.0
BMW,Z4,DefectRate,2007,16.0
BMW,Z4,DefectRate,2008,16.0
BMW,Z4,DefectRate,2009,16.0
BMW,Z4,DefectRate,2010,16.0
BMW,Z4,DefectRate,2011,16.0
BMW,Z4,DefectRate,2012,18.0
BMW,Z4,DefectRate,2013,19.0
BMW,Z4,DefectRate,2014,19.0
BMW,Z4,DefectRate,2015,11.0
BMW,Z4,DefectRate,2016,11.0
BMW,Z4,DefectRate,2017,14.0
BMW,Z4,DefectRate,2018,11.0
BMW,Z4,DefectRate,2019,7.0
Buick,Enclave,QIRRate,2008,30.0
Buick,Enclave,QIRRate,2009,50.0
Buick,Enclave,QIRRate,2010,15.0
Buick,Enclave,QIRRate,2011,50.0
Buick,Enclave,QIRRate,2012,60.0
Buick,Enclave,QIRRate,2013,75.0
Buick,Enclave,QIRRate,2014,65.0
Buick,Enclave,QIRRate,2015,75.0
Buick,Enclave,QIRRate,2016,65.0
Buick,Enclave,DefectRate,1992,27.0
Buick,Enclave,DefectRate,1993,27.0
Buick,Enclave,DefectRate,1994,27.0
Buick,Enclave,DefectRate,1995,26.0
Buick,Enclave,DefectRate,1996,26.0
Buick,Enclave,DefectRate,1997,25.0
Buick,Enclave,DefectRate,1998,24.0
Buick,Enclave,DefectRate,1999,24.0
Buick,Enclave,DefectRate,2000,24.0
Buick,Enclave,DefectRate,2001,23.0
Buick,Enclave,DefectRate,2002,22.0
Buick,Enclave,DefectRate,2003,21.0
Buick,Enclave,DefectRate,2004,20.0
Buick,Enclave,DefectRate,2005,19.0
Buick,Enclave,DefectRate,2006,18.0
Buick,Enclave,DefectRate,2007,17.0
Buick,Enclave,DefectRate,2008,25.0
Buick,Enclave,DefectRate,2009,29.0
Buick,Enclave,DefectRate,2010,28.0
Buick,Enclave,DefectRate,2011,23.0
Buick,Enclave,DefectRate,2012,19.0
Buick,Enclave,DefectRate,2013,19.0
Buick,Enclave,DefectRate,2014,18.0
Buick,Enclave,DefectRate,2015,15.0
Buick,Enclave,DefectRate,2016,15.0
Buick,Enclave,DefectRate,2017,18.0
Buick,Enclave,DefectRate,2018,10.0
Buick,Enclave,DefectRate,2019,7.0
Buick,LaCrosse,QIRRate,2004,68.0
Buick,LaCrosse,QIRRate,2005,68.0
Buick,LaCrosse,QIRRate,2006,60.0
Buick,LaCrosse,QIRRate,2007,60.0
Buick,LaCrosse,QIRRate,2008,75.0
Buick,LaCrosse,QIRRate,2009,88.0
Buick,LaCrosse,QIRRate,2010,55.0
Buick,LaCrosse,QIRRate,2011,75.0
Buick,LaCrosse,QIRRate,2012,80.0
Buick,LaCrosse,QIRRate,2013,60.0
Buick,LaCrosse,QIRRate,2014,82.0
Buick,LaCrosse,QIRRate,2015,85.0
Buick,LaCrosse,QIRRate,2016,95.0
Buick,LaCrosse,QIRRate,2017,95.0
Buick,LaCrosse,DefectRate,1992,27.0
Buick,LaCrosse,DefectRate,1993,27.0
Buick,LaCrosse,DefectRate,1994,27.0
Buick,LaCrosse,DefectRate,1995,26.0
Buick,LaCrosse,DefectRate,1996,26.0
Buick,LaCrosse,DefectRate,1997,25.0
Buick,LaCrosse,DefectRate,1998,24.0
Buick,LaCrosse,DefectRate,1999,24.0
Buick,LaCrosse,DefectRate,2000,24.0
Buick,LaCrosse,DefectRate,2001,23.0
Buick,LaCrosse,DefectRate,2002,22.0
Buick,LaCrosse,DefectRate,2003,20.0
Buick,LaCrosse,DefectRate,2004,18.0
Buick,LaCrosse,DefectRate,2005,18.0
Buick,LaCrosse,DefectRate,2006,17.0
Buick,LaCrosse,DefectRate,2007,16.0
Buick,LaCrosse,DefectRate,2008,16.0
Buick,LaCrosse,DefectRate,2009,16.0
Buick,LaCrosse,DefectRate,2010,16.0
Buick,LaCrosse,DefectRate,2011,19.0
Buick,LaCrosse,DefectRate,2012,18.0
Buick,LaCrosse,DefectRate,2013,18.0
Buick,LaCrosse,DefectRate,2014,18.0
Buick,LaCrosse,DefectRate,2015,17.0
Buick,LaCrosse,DefectRate,2016,15.0
Buick,LaCrosse,DefectRate,2017,14.0
Buick,LaCrosse,DefectRate,2018,7.0
Buick,LaCrosse,DefectRate,2019,7.0
Cadillac,Escalade,DefectRate,1992,23.0
Cadillac,Escalade,DefectRate,1993,23.0
Cadillac,Escalade,DefectRate,1994,23.0
Cadillac,Escalade,DefectRate,1995,26.0
Cadillac,Escalade,DefectRate,1996,26.0
Cadillac,Escalade,DefectRate,1997,25.0
Cadillac,Escalade,DefectRate,1998,24.0
Cadillac,Escalade,DefectRate,1999,24.0
Cadillac,Escalade,DefectRate,2000,27.0
Cadillac,Escalade,DefectRate,2001,27.0
Cadillac,Escalade,DefectRate,2002,23.0
Cadillac,Escalade,DefectRate,2003,21.0
Cadillac,Escalade,DefectRate,2004,19.0
Cadillac,Escalade,DefectRate,2005,18.0
Cadillac,Escalade,DefectRate,2006,17.0
Cadillac,Escalade,DefectRate,2007,17.0
Cadillac,Escalade,DefectRate,2008,16.0
Cadillac,Escalade,DefectRate,2009,16.0
Cadillac,Escalade,DefectRate,2010,16.0
Cadillac,Escalade,DefectRate,2011,17.0
Cadillac,Escalade,DefectRate,2012,18.0
Cadillac,Escalade,DefectRate,2013,18.0
Cadillac,Escalade,DefectRate,2014,19.0
Cadillac,Escalade,DefectRate,2015,17.0
Cadillac,Escalade,DefectRate,2016,16.0
Cadillac,Escalade,DefectRate,2017,14.0
Cadillac,Escalade,DefectRate,2018,10.0
Cadillac,Escalade,DefectRate,2019,7.0
Cadillac,Escalade,QIRRate,1999,40.0
Cadillac,Escalade,QIRRate,2000,50.0
Cadillac,Escalade,QIRRate,2001,50.0
Cadillac,Escalade,QIRRate,2002,80.0
Cadillac,Escalade,QIRRate,2003,85.0
Cadillac,Escalade,QIRRate,2004,85.0
Cadillac,Escalade,QIRRate,2005,85.0
Cadillac,Escalade,QIRRate,2006,98.0
Cadillac,Escalade,QIRRate,2007,78.0
Cadillac,Escalade,QIRRate,2008,78.0
Cadillac,Escalade,QIRRate,2009,88.0
Cadillac,Escalade,QIRRate,2010,88.0
Cadillac,Escalade,QIRRate,2011,88.0
Cadillac,Escalade,QIRRate,2012,88.0
Cadillac,Escalade,QIRRate,2013,98.0
Cadillac,Escalade,QIRRate,2014,98.0
Cadillac,Escalade,QIRRate,2015,60.0
Cadillac,Escalade,QIRRate,2016,50.0
Cadillac,Escalade,QIRRate,2017,40.0
Cadillac,Escalade,QIRRate,2018,90.0
Chevrolet,Corvette,DefectRate,1992,12.0
Chevrolet,Corvette,DefectRate,1993,12.0
Chevrolet,Corvette,DefectRate,1994,2.0
Chevrolet,Corvette,DefectRate,1995,6.0
Chevrolet,Corvette,DefectRate,1996,5.0
Chevrolet,Corvette,DefectRate,1997,9.0
Chevrolet,Corvette,DefectRate,1998,6.0
Chevrolet,Corvette,DefectRate,1999,6.0
Chevrolet,Corvette,DefectRate,2000,6.0
Chevrolet,Corvette,DefectRate,2001,6.0
Chevrolet,Corvette,DefectRate,2002,6.0
Chevrolet,Corvette,DefectRate,2003,20.0
Chevrolet,Corvette,DefectRate,2004,19.0
Chevrolet,Corvette,DefectRate,2005,18.0
Chevrolet,Corvette,DefectRate,2006,17.0
Chevrolet,Corvette,DefectRate,2007,17.0
Chevrolet,Corvette,DefectRate,2008,16.0
Chevrolet,Corvette,DefectRate,2009,16.0
Chevrolet,Corvette,DefectRate,2010,16.0
Chevrolet,Corvette,DefectRate,2011,16.0
Chevrolet,Corvette,DefectRate,2012,14.0
Chevrolet,Corvette,DefectRate,2013,18.0
Chevrolet,Corvette,DefectRate,2014,18.0
Chevrolet,Corvette,DefectRate,2015,17.0
Chevrolet,Corvette,DefectRate,2016,15.0
Chevrolet,Corvette,DefectRate,2017,14.0
Chevrolet,Corvette,DefectRate,2018,11.0
Chevrolet,Corvette,DefectRate,2019,7.0
Chevrolet,Corvette,QIRRate,1992,85.0
Chevrolet,Corvette,QIRRate,1993,98.0
Chevrolet,Corvette,QIRRate,1994,98.0
Chevrolet,Corvette,QIRRate,1995,98.0
Chevrolet,Corvette,QIRRate,1996,98.0
Chevrolet,Corvette,QIRRate,1997,98.0
Chevrolet,Corvette,QIRRate,1998,98.0
Chevrolet,Corvette,QIRRate,1999,98.0
Chevrolet,Corvette,QIRRate,2000,98.0
Chevrolet,Corvette,QIRRate,2001,98.0
Chevrolet,Corvette,QIRRate,2002,98.0
Chevrolet,Corvette,QIRRate,2003,98.0
Chevrolet,Corvette,QIRRate,2004,98.0
Chevrolet,Corvette,QIRRate,2005,95.0
Chevrolet,Corvette,QIRRate,2006,95.0
Chevrolet,Corvette,QIRRate,2007,95.0
Chevrolet,Corvette,QIRRate,2008,93.0
Chevrolet,Corvette,QIRRate,2009,75.0
Chevrolet,Corvette,QIRRate,2010,75.0
Chevrolet,Corvette,QIRRate,2011,78.0
Chevrolet,Corvette,QIRRate,2012,88.0
Chevrolet,Corvette,QIRRate,2013,88.0
Chevrolet,Corvette,QIRRate,2014,40.0
Chevrolet,Corvette,QIRRate,2015,35.0
Chevrolet,Corvette,QIRRate,2016,50.0
Chevrolet,Corvette,QIRRate,2017,70.0
Chevrolet,Impala,DefectRate,1992,27.0
Chevrolet,Impala,DefectRate,1993,27.0
Chevrolet,Impala,DefectRate,1994,27.0
Chevrolet,Impala,DefectRate,1995,25.0
Chevrolet,Impala,DefectRate,1996,25.0
Chevrolet,Impala,DefectRate,1997,24.0
Chevrolet,Impala,DefectRate,1998,24.0
Chevrolet,Impala,DefectRate,1999,24.0
Chevrolet,Impala,DefectRate,2000,27.0
Chevrolet,Impala,DefectRate,2001,24.0
Chevrolet,Impala,DefectRate,2002,22.0
Chevrolet,Impala,DefectRate,2003,21.0
Chevrolet,Impala,DefectRate,2004,24.0
Chevrolet,Impala,DefectRate,2005,24.0
Chevrolet,Impala,DefectRate,2006,18.0
Chevrolet,Impala,DefectRate,2007,17.0
Chevrolet,Impala,DefectRate,2008,16.0
Chevrolet,Impala,DefectRate,2009,16.0
Chevrolet,Impala,DefectRate,2010,16.0
Chevrolet,Impala,DefectRate,2011,18.0
Chevrolet,Impala,DefectRate,2012,18.0
Chevrolet,Impala,DefectRate,2013,18.0
Chevrolet,Impala,DefectRate,2014,17.0
Chevrolet,Impala,DefectRate,2015,16.0
Chevrolet,Impala,DefectRate,2016,15.0
Chevrolet,Impala,DefectRate,2017,14.0
Chevrolet,Impala,DefectRate,2018,11.0
Chevrolet,Impala,DefectRate,2019,7.0
Chevrolet,Impala,QIRRate,1996,100.0
Chevrolet,Impala,QIRRate,1997,100.0
Chevrolet,Impala,QIRRate,1998,100.0
Chevrolet,Impala,QIRRate,1999,25.0
Chevrolet,Impala,QIRRate,2000,25.0
Chevrolet,Impala,QIRRate,2001,25.0
Chevrolet,Impala,QIRRate,2002,30.0
Chevrolet,Impala,QIRRate,2003,30.0
Chevrolet,Impala,QIRRate,2004,28.0
Chevrolet,Impala,QIRRate,2005,23.0
Chevrolet,Impala,QIRRate,2006,48.0
Chevrolet,Impala,QIRRate,2007,58.0
Chevrolet,Impala,QIRRate,2008,60.0
Chevrolet,Impala,QIRRate,2009,75.0
Chevrolet,Impala,QIRRate,2010,75.0
Chevrolet,Impala,QIRRate,2011,78.0
Chevrolet,Impala,QIRRate,2012,80.0
Chevrolet,Impala,QIRRate,2013,70.0
Chevrolet,Impala,QIRRate,2014,75.0
Chevrolet,Impala,QIRRate,2015,80.0
Chevrolet,Impala,QIRRate,2016,80.0
Chevrolet,Impala,QIRRate,2017,75.0
Chevrolet,Tahoe,DefectRate,1992,24.0
Chevrolet,Tahoe,DefectRate,1993,24.0
Chevrolet,Tahoe,DefectRate,1994,26.0
Chevrolet,Tahoe,DefectRate,1995,24.0
Chevrolet,Tahoe,DefectRate,1996,22.0
Chevrolet,Tahoe,DefectRate,1997,24.0
Chevrolet,Tahoe,DefectRate,1998,27.0
Chevrolet,Tahoe,DefectRate,1999,21.0
Chevrolet,Tahoe,DefectRate,2000,23.0
Chevrolet,Tahoe,DefectRate,2001,15.0
Chevrolet,Tahoe,DefectRate,2002,13.0
Chevrolet,Tahoe,DefectRate,2003,18.0
Chevrolet,Tahoe,DefectRate,2004,13.0
Chevrolet,Tahoe,DefectRate,2005,13.0
Chevrolet,Tahoe,DefectRate,2006,12.0
Chevrolet,Tahoe,DefectRate,2007,17.0
Chevrolet,Tahoe,DefectRate,2008,16.0
Chevrolet,Tahoe,DefectRate,2009,16.0
Chevrolet,Tahoe,DefectRate,2010,16.0
Chevrolet,Tahoe,DefectRate,2011,16.0
Chevrolet,Tahoe,DefectRate,2012,18.0
Chevrolet,Tahoe,DefectRate,2013,17.0
Chevrolet,Tahoe,DefectRate,2014,9.0
Chevrolet,Tahoe,DefectRate,2015,22.0
Chevrolet,Tahoe,DefectRate,2016,24.0
Chevrolet,Tahoe,DefectRate,2017,23.0
Chevrolet,Tahoe,DefectRate,2018,12.0
Chevrolet,Tahoe,DefectRate,2019,7.0
Chevrolet,Tahoe,QIRRate,1994,50.0
Chevrolet,Tahoe,QIRRate,1995,50.0
Chevrolet,Tahoe,QIRRate,1996,52.0
Chevrolet,Tahoe,QIRRate,1997,57.0
Chevrolet,Tahoe,QIRRate,1998,47.0
Chevrolet,Tahoe,QIRRate,1999,58.0
Chevrolet,Tahoe,QIRRate,2000,58.0
Chevrolet,Tahoe,QIRRate,2001,78.0
Chevrolet,Tahoe,QIRRate,2002,85.0
Chevrolet,Tahoe,QIRRate,2003,82.0
Chevrolet,Tahoe,QIRRate,2004,83.0
Chevrolet,Tahoe,QIRRate,2005,83.0
Chevrolet,Tahoe,QIRRate,2006,85.0
Chevrolet,Tahoe,QIRRate,2007,75.0
Chevrolet,Tahoe,QIRRate,2008,77.0
Chevrolet,Tahoe,QIRRate,2009,87.0
Chevrolet,Tahoe,QIRRate,2010,90.0
Chevrolet,Tahoe,QIRRate,2011,88.0
Chevrolet,Tahoe,QIRRate,2012,95.0
Chevrolet,Tahoe,QIRRate,2013,95.0
Chevrolet,Tahoe,QIRRate,2014,95.0
Chevrolet,Tahoe,QIRRate,2015,55.0
Chevrolet,Tahoe,QIRRate,2016,45.0
Chevrolet,Tahoe,QIRRate,2017,33.0
Chevrolet,Tahoe,QIRRate,2018,32.0
Chevrolet,Volt,DefectRate,1993,22.0
Chevrolet,Volt,DefectRate,1994,22.0
Chevrolet,Volt,DefectRate,1995,24.0
Chevrolet,Volt,DefectRate,1996,24.0
Chevrolet,Volt,DefectRate,1997,23.0
Chevrolet,Volt,DefectRate,1998,23.0
Chevrolet,Volt,DefectRate,1999,21.0
Chevrolet,Volt,DefectRate,2000,21.0
Chevrolet,Volt,DefectRate,2001,20.0
Chevrolet,Volt,DefectRate,2002,19.0
Chevrolet,Volt,DefectRate,2003,18.0
Chevrolet,Volt,DefectRate,2004,17.0
Chevrolet,Volt,DefectRate,2005,14.0
Chevrolet,Volt,DefectRate,2006,14.0
Chevrolet,Volt,DefectRate,2007,13.0
Chevrolet,Volt,DefectRate,2008,13.0
Chevrolet,Volt,DefectRate,2009,12.0
Chevrolet,Volt,DefectRate,2010,7.0
Chevrolet,Volt,DefectRate,2011,7.0
Chevrolet,Volt,DefectRate,2012,8.0
Chevrolet,Volt,DefectRate,2013,6.0
Chevrolet,Volt,DefectRate,2014,7.0
Chevrolet,Volt,DefectRate,2015,3.0
Chrysler,300,DefectRate,1992,28.0
Chrysler,300,DefectRate,1993,28.0
Chrysler,300,DefectRate,1994,27.0
Chrysler,300,DefectRate,1995,27.0
Chrysler,300,DefectRate,1996,26.0
Chrysler,300,DefectRate,1997,25.0
Chrysler,300,DefectRate,1998,24.0
Chrysler,300,DefectRate,1999,24.0
Chrysler,300,DefectRate,2000,24.0
Chrysler,300,DefectRate,2001,23.0
Chrysler,300,DefectRate,2002,23.0
Chrysler,300,DefectRate,2003,20.0
Chrysler,300,DefectRate,2004,31.0
Chrysler,300,DefectRate,2005,18.0
Chrysler,300,DefectRate,2006,17.0
Chrysler,300,DefectRate,2007,17.0
Chrysler,300,DefectRate,2008,17.0
Chrysler,300,DefectRate,2009,17.0
Chrysler,300,DefectRate,2010,21.0
Chrysler,300,DefectRate,2011,24.0
Chrysler,300,DefectRate,2012,25.0
Chrysler,300,DefectRate,2013,19.0
Chrysler,300,DefectRate,2014,19.0
Chrysler,300,DefectRate,2015,22.0
Chrysler,300,DefectRate,2016,22.0
Chrysler,300,DefectRate,2017,15.0
Chrysler,300,DefectRate,2018,11.0
Chrysler,300,DefectRate,2019,7.0
Chrysler,300,QIRRate,2002,50.0
Chrysler,300,QIRRate,2003,50.0
Chrysler,300,QIRRate,2004,60.0
Chrysler,300,QIRRate,2005,50.0
Chrysler,300,QIRRate,2006,50.0
Chrysler,300,QIRRate,2007,50.0
Chrysler,300,QIRRate,2008,45.0
Chrysler,300,QIRRate,2009,50.0
Chrysler,300,QIRRate,2010,28.0
Chrysler,300,QIRRate,2011,50.0
Chrysler,300,QIRRate,2012,75.0
Chrysler,300,QIRRate,2013,70.0
Chrysler,300,QIRRate,2014,55.0
Chrysler,300,QIRRate,2015,60.0
Chrysler,300,QIRRate,2016,65.0
Chrysler,300,QIRRate,2017,70.0
Chrysler,300,QIRRate,2018,90.0
Dodge,Challenger,DefectRate,1992,27.0
Dodge,Challenger,DefectRate,1993,27.0
Dodge,Challenger,DefectRate,1994,27.0
Dodge,Challenger,DefectRate,1995,26.0
Dodge,Challenger,DefectRate,1996,26.0
Dodge,Challenger,DefectRate,1997,25.0
Dodge,Challenger,DefectRate,1998,24.0
Dodge,Challenger,DefectRate,1999,23.0
Dodge,Challenger,DefectRate,2000,23.0
Dodge,Challenger,DefectRate,2001,23.0
Dodge,Challenger,DefectRate,2002,22.0
Dodge,Challenger,DefectRate,2003,20.0
Dodge,Challenger,DefectRate,2004,19.0
Dodge,Challenger,DefectRate,2005,19.0
Dodge,Challenger,DefectRate,2006,18.0
Dodge,Challenger,DefectRate,2007,16.0
Dodge,Challenger,DefectRate,2008,16.0
Dodge,Challenger,DefectRate,2009,16.0
Dodge,Challenger,DefectRate,2010,16.0
Dodge,Challenger,DefectRate,2011,16.0
Dodge,Challenger,DefectRate,2012,18.0
Dodge,Challenger,DefectRate,2013,18.0
Dodge,Challenger,DefectRate,2014,18.0
Dodge,Challenger,DefectRate,2015,17.0
Dodge,Challenger,DefectRate,2016,15.0
Dodge,Challenger,DefectRate,2017,14.0
Dodge,Challenger,DefectRate,2018,7.0
Dodge,Challenger,DefectRate,2019,7.0
Dodge,Challenger,QIRRate,2007,48.0
Dodge,Challenger,QIRRate,2008,72.0
Dodge,Challenger,QIRRate,2009,75.0
Dodge,Challenger,QIRRate,2010,74.0
Dodge,Challenger,QIRRate,2011,65.0
Dodge,Challenger,QIRRate,2012,87.0
Dodge,Challenger,QIRRate,2013,65.0
Dodge,Challenger,QIRRate,2014,76.0
Dodge,Challenger,QIRRate,2015,96.0
Dodge,Challenger,QIRRate,2016,95.0
Dodge,Challenger,QIRRate,2017,97.0
Ford,Expedition,DefectRate,1992,28.0
Ford,Expedition,DefectRate,1993,28.0
Ford,Expedition,DefectRate,1994,27.0
Ford,Expedition,DefectRate,1995,27.0
Ford,Expedition,DefectRate,1996,25.0
Ford,Expedition,DefectRate,1997,29.0
Ford,Expedition,DefectRate,1998,29.0
Ford,Expedition,DefectRate,1999,22.0
Ford,Expedition,DefectRate,2000,24.0
Ford,Expedition,DefectRate,2001,23.0
Ford,Expedition,DefectRate,2002,20.0
Ford,Expedition,DefectRate,2003,20.0
Ford,Expedition,DefectRate,2004,17.0
Ford,Expedition,DefectRate,2005,42.0
Ford,Expedition,DefectRate,2006,32.0
Ford,Expedition,DefectRate,2007,27.0
Ford,Expedition,DefectRate,2008,26.0
Ford,Expedition,DefectRate,2009,18.0
Ford,Expedition,DefectRate,2010,18.0
Ford,Expedition,DefectRate,2011,18.0
Ford,Expedition,DefectRate,2012,18.0
Ford,Expedition,DefectRate,2013,17.0
Ford,Expedition,DefectRate,2014,13.0
Ford,Expedition,DefectRate,2015,20.0
Ford,Expedition,DefectRate,2016,18.0
Ford,Expedition,DefectRate,2017,15.0
Ford,Expedition,DefectRate,2018,42.0
Ford,Expedition,DefectRate,2019,32.0
Ford,Expedition,QIRRate,1996,27.0
Ford,Expedition,QIRRate,1997,27.0
Ford,Expedition,QIRRate,1998,48.0
Ford,Expedition,QIRRate,1999,42.0
Ford,Expedition,QIRRate,2000,48.0
Ford,Expedition,QIRRate,2001,49.0
Ford,Expedition,QIRRate,2002,50.0
Ford,Expedition,QIRRate,2003,50.0
Ford,Expedition,QIRRate,2004,73.0
Ford,Expedition,QIRRate,2005,0.0
Ford,Expedition,QIRRate,2006,0.0
Ford,Expedition,QIRRate,2007,22.0
Ford,Expedition,QIRRate,2008,34.0
Ford,Expedition,QIRRate,2009,22.0
Ford,Expedition,QIRRate,2010,65.0
Ford,Expedition,QIRRate,2011,65.0
Ford,Expedition,QIRRate,2012,85.0
Ford,Expedition,QIRRate,2013,82.0
Ford,Expedition,QIRRate,2014,94.0
Ford,Expedition,QIRRate,2015,68.0
Ford,Expedition,QIRRate,2016,75.0
Ford,Expedition,QIRRate,2017,83.0
Ford,Explorer,DefectRate,1992,30.0
Ford,Explorer,DefectRate,1993,30.0
Ford,Explorer,DefectRate,1994,36.0
Ford,Explorer,DefectRate,1995,27.0
Ford,Explorer,DefectRate,1996,27.0
Ford,Explorer,DefectRate,1997,28.0
Ford,Explorer,DefectRate,1998,28.0
Ford,Explorer,DefectRate,1999,25.0
Ford,Explorer,DefectRate,2000,25.0
Ford,Explorer,DefectRate,2001,22.0
Ford,Explorer,DefectRate,2002,31.0
Ford,Explorer,DefectRate,2003,31.0
Ford,Explorer,DefectRate,2004,29.0
Ford,Explorer,DefectRate,2005,30.0
Ford,Explorer,DefectRate,2006,32.0
Ford,Explorer,DefectRate,2007,32.0
Ford,Explorer,DefectRate,2008,32.0
Ford,Explorer,DefectRate,2009,25.0
Ford,Explorer,DefectRate,2010,17.0
Ford,Explorer,DefectRate,2011,17.0
Ford,Explorer,DefectRate,2012,19.0
Ford,Explorer,DefectRate,2013,19.0
Ford,Explorer,DefectRate,2014,17.0
Ford,Explorer,DefectRate,2015,17.0
Ford,Explorer,DefectRate,2016,19.0
Ford,Explorer,DefectRate,2017,15.0
Ford,Explorer,DefectRate,2018,10.0
Ford,Explorer,DefectRate,2019,7.0
Ford,Explorer,QIRRate,1992,10.0
Ford,Explorer,QIRRate,1993,10.0
Ford,Explorer,QIRRate,1994,25.0
Ford,Explorer,QIRRate,1995,5.0
Ford,Explorer,QIRRate,1996,27.0
Ford,Explorer,QIRRate,1997,30.0
Ford,Explorer,QIRRate,1998,30.0
Ford,Explorer,QIRRate,1999,35.0
Ford,Explorer,QIRRate,2000,35.0
Ford,Explorer,QIRRate,2001,50.0
Ford,Explorer,QIRRate,2002,10.0
Ford,Explorer,QIRRate,2003,20.0
Ford,Explorer,QIRRate,2004,2.0
Ford,Explorer,QIRRate,2005,18.0
Ford,Explorer,QIRRate,2006,2.0
Ford,Explorer,QIRRate,2007,2.0
Ford,Explorer,QIRRate,2008,2.0
Ford,Explorer,QIRRate,2009,55.0
Ford,Explorer,QIRRate,2010,35.0
Ford,Explorer,QIRRate,2011,85.0
Ford,Explorer,QIRRate,2012,80.0
Ford,Explorer,QIRRate,2013,75.0
Ford,Explorer,QIRRate,2014,70.0
Ford,Explorer,QIRRate,2015,70.0
Ford,Explorer,QIRRate,2016,78.0
Ford,Explorer,QIRRate,2017,55.0
Ford,Explorer,QIRRate,2018,55.0
Ford,Explorer,QIRRate,2019,85.0
Ford,Mustang,DefectRate,1992,19.0
Ford,Mustang,DefectRate,1993,27.0
Ford,Mustang,DefectRate,1994,26.0
Ford,Mustang,DefectRate,1995,26.0
Ford,Mustang,DefectRate,1996,25.0
Ford,Mustang,DefectRate,1997,25.0
Ford,Mustang,DefectRate,1998,24.0
Ford,Mustang,DefectRate,1999,24.0
Ford,Mustang,DefectRate,2000,24.0
Ford,Mustang,DefectRate,2001,22.0
Ford,Mustang,DefectRate,2002,21.0
Ford,Mustang,DefectRate,2003,19.0
Ford,Mustang,DefectRate,2004,18.0
Ford,Mustang,DefectRate,2005,18.0
Ford,Mustang,DefectRate,2006,17.0
Ford,Mustang,DefectRate,2007,16.0
Ford,Mustang,DefectRate,2008,16.0
Ford,Mustang,DefectRate,2009,12.0
Ford,Mustang,DefectRate,2010,12.0
Ford,Mustang,DefectRate,2011,12.0
Ford,Mustang,DefectRate,2012,19.0
Ford,Mustang,DefectRate,2013,19.0
Ford,Mustang,DefectRate,2014,18.0
Ford,Mustang,DefectRate,2015,17.0
Ford,Mustang,DefectRate,2016,15.0
Ford,Mustang,DefectRate,2017,15.0
Ford,Mustang,DefectRate,2018,8.0
Ford,Mustang,DefectRate,2019,8.0
Ford,Mustang,QIRRate,1992,40.0
Ford,Mustang,QIRRate,1993,40.0
Ford,Mustang,QIRRate,1994,17.0
Ford,Mustang,QIRRate,1995,32.0
Ford,Mustang,QIRRate,1996,68.0
Ford,Mustang,QIRRate,1997,55.0
Ford,Mustang,QIRRate,1998,55.0
Ford,Mustang,QIRRate,1999,40.0
Ford,Mustang,QIRRate,2000,32.0
Ford,Mustang,QIRRate,2001,38.0
Ford,Mustang,QIRRate,2002,48.0
Ford,Mustang,QIRRate,2003,55.0
Ford,Mustang,QIRRate,2004,57.0
Ford,Mustang,QIRRate,2005,57.0
Ford,Mustang,QIRRate,2006,62.0
Ford,Mustang,QIRRate,2007,75.0
Ford,Mustang,QIRRate,2008,90.0
Ford,Mustang,QIRRate,2009,90.0
Ford,Mustang,QIRRate,2010,82.0
Ford,Mustang,QIRRate,2011,82.0
Ford,Mustang,QIRRate,2012,85.0
Ford,Mustang,QIRRate,2013,85.0
Ford,Mustang,QIRRate,2014,90.0
Ford,Mustang,QIRRate,2015,90.0
Ford,Mustang,QIRRate,2016,85.0
Ford,Mustang,QIRRate,2017,85.0
Ford,Mustang,QIRRate,2018,27.0
GMC,Acadia,QIRRate,2006,12.0
GMC,Acadia,QIRRate,2007,13.0
GMC,Acadia,QIRRate,2008,10.0
GMC,Acadia,QIRRate,2009,5.0
GMC,Acadia,QIRRate,2010,50.0
GMC,Acadia,QIRRate,2011,50.0
GMC,Acadia,QIRRate,2012,50.0
GMC,Acadia,QIRRate,2013,50.0
GMC,Acadia,QIRRate,2014,68.0
GMC,Acadia,QIRRate,2015,65.0
GMC,Acadia,QIRRate,2016,33.0
GMC,Acadia,QIRRate,2017,70.0
GMC,Acadia,QIRRate,2018,95.0
GMC,Acadia,DefectRate,1992,27.0
GMC,Acadia,DefectRate,1993,27.0
GMC,Acadia,DefectRate,1994,27.0
GMC,Acadia,DefectRate,1995,27.0
GMC,Acadia,DefectRate,1996,26.0
GMC,Acadia,DefectRate,1997,25.0
GMC,Acadia,DefectRate,1998,25.0
GMC,Acadia,DefectRate,1999,24.0
GMC,Acadia,DefectRate,2000,24.0
GMC,Acadia,DefectRate,2001,23.0
GMC,Acadia,DefectRate,2002,22.0
GMC,Acadia,DefectRate,2003,20.0
GMC,Acadia,DefectRate,2004,19.0
GMC,Acadia,DefectRate,2005,18.0
GMC,Acadia,DefectRate,2006,17.0
GMC,Acadia,DefectRate,2007,17.0
GMC,Acadia,DefectRate,2008,27.0
GMC,Acadia,DefectRate,2009,33.0
GMC,Acadia,DefectRate,2010,32.0
GMC,Acadia,DefectRate,2011,24.0
GMC,Acadia,DefectRate,2012,24.0
GMC,Acadia,DefectRate,2013,19.0
GMC,Acadia,DefectRate,2014,18.0
GMC,Acadia,DefectRate,2015,17.0
GMC,Acadia,DefectRate,2016,23.0
GMC,Acadia,DefectRate,2017,14.0
GMC,Acadia,DefectRate,2018,10.0
GMC,Acadia,DefectRate,2019,6.0
Honda,Accord,DefectRate,1992,40.0
Honda,Accord,DefectRate,1993,40.0
Honda,Accord,DefectRate,1994,35.0
Honda,Accord,DefectRate,1995,35.0
Honda,Accord,DefectRate,1996,35.0
Honda,Accord,DefectRate,1997,36.0
Honda,Accord,DefectRate,1998,35.0
Honda,Accord,DefectRate,1999,36.0
Honda,Accord,DefectRate,2000,37.0
Honda,Accord,DefectRate,2001,37.0
Honda,Accord,DefectRate,2002,22.0
Honda,Accord,DefectRate,2003,20.0
Honda,Accord,DefectRate,2004,18.0
Honda,Accord,DefectRate,2005,18.0
Honda,Accord,DefectRate,2006,17.0
Honda,Accord,DefectRate,2007,14.0
Honda,Accord,DefectRate,2008,14.0
Honda,Accord,DefectRate,2009,17.0
Honda,Accord,DefectRate,2010,17.0
Honda,Accord,DefectRate,2011,18.0
Honda,Accord,DefectRate,2012,19.0
Honda,Accord,DefectRate,2013,19.0
Honda,Accord,DefectRate,2014,18.0
Honda,Accord,DefectRate,2015,16.0
Honda,Accord,DefectRate,2016,15.0
Honda,Accord,DefectRate,2017,10.0
Honda,Accord,DefectRate,2018,7.0
Honda,Accord,DefectRate,2019,7.0
Honda,Accord,QIRRate,1992,2.0
Honda,Accord,QIRRate,1993,14.0
Honda,Accord,QIRRate,1994,13.0
Honda,Accord,QIRRate,1995,12.0
Honda,Accord,QIRRate,1996,12.0
Honda,Accord,QIRRate,1997,12.0
Honda,Accord,QIRRate,1998,14.0
Honda,Accord,QIRRate,1999,18.0
Honda,Accord,QIRRate,2000,8.0
Honda,Accord,QIRRate,2001,3.0
Honda,Accord,QIRRate,2002,2.0
Honda,Accord,QIRRate,2003,60.0
Honda,Accord,QIRRate,2004,76.0
Honda,Accord,QIRRate,2005,86.0
Honda,Accord,QIRRate,2006,88.0
Honda,Accord,QIRRate,2007,87.0
Honda,Accord,QIRRate,2008,88.0
Honda,Accord,QIRRate,2009,90.0
Honda,Accord,QIRRate,2010,90.0
Honda,Accord,QIRRate,2011,96.0
Honda,Accord,QIRRate,2012,96.0
Honda,Accord,QIRRate,2013,97.0
Honda,Accord,QIRRate,2014,97.0
Honda,Accord,QIRRate,2015,97.0
Honda,Accord,QIRRate,2016,97.0
Honda,Accord,QIRRate,2017,97.0
Honda,Accord,QIRRate,2018,97.0
Honda,Civic,DefectRate,1992,28.0
Honda,Civic,DefectRate,1993,28.0
Honda,Civic,DefectRate,1994,27.0
Honda,Civic,DefectRate,1995,27.0
Honda,Civic,DefectRate,1996,25.0
Honda,Civic,DefectRate,1997,24.0
Honda,Civic,DefectRate,1998,24.0
Honda,Civic,DefectRate,1999,23.0
Honda,Civic,DefectRate,2000,23.0
Honda,Civic,DefectRate,2001,24.0
Honda,Civic,DefectRate,2002,18.0
Honda,Civic,DefectRate,2003,19.0
Honda,Civic,DefectRate,2004,18.0
Honda,Civic,DefectRate,2005,18.0
Honda,Civic,DefectRate,2006,17.0
Honda,Civic,DefectRate,2007,16.0
Honda,Civic,DefectRate,2008,16.0
Honda,Civic,DefectRate,2009,16.0
Honda,Civic,DefectRate,2010,16.0
Honda,Civic,DefectRate,2011,16.0
Honda,Civic,DefectRate,2012,19.0
Honda,Civic,DefectRate,2013,19.0
Honda,Civic,DefectRate,2014,19.0
Honda,Civic,DefectRate,2015,17.0
Honda,Civic,DefectRate,2016,15.0
Honda,Civic,DefectRate,2017,15.0
Honda,Civic,DefectRate,2018,11.0
Honda,Civic,DefectRate,2019,7.0
Honda,Civic,QIRRate,1992,18.0
Honda,Civic,QIRRate,1993,18.0
Honda,Civic,QIRRate,1994,18.0
Honda,Civic,QIRRate,1995,30.0
Honda,Civic,QIRRate,1996,50.0
Honda,Civic,QIRRate,1997,48.0
Honda,Civic,QIRRate,1998,48.0
Honda,Civic,QIRRate,1999,48.0
Honda,Civic,QIRRate,2000,65.0
Honda,Civic,QIRRate,2001,65.0
Honda,Civic,QIRRate,2002,67.0
Honda,Civic,QIRRate,2003,57.0
Honda,Civic,QIRRate,2004,57.0
Honda,Civic,QIRRate,2005,60.0
Honda,Civic,QIRRate,2006,83.0
Honda,Civic,QIRRate,2007,83.0
Honda,Civic,QIRRate,2008,85.0
Honda,Civic,QIRRate,2009,88.0
Honda,Civic,QIRRate,2010,95.0
Honda,Civic,QIRRate,2011,95.0
Honda,Civic,QIRRate,2012,95.0
Honda,Civic,QIRRate,2013,95.0
Honda,Civic,QIRRate,2014,95.0
Honda,Civic,QIRRate,2015,95.0
Honda,Civic,QIRRate,2016,85.0
Honda,Civic,QIRRate,2017,98.0
Honda,Civic,QIRRate,2018,98.0
Honda,CR-V,DefectRate,1992,27.0
Honda,CR-V,DefectRate,1993,27.0
Honda,CR-V,DefectRate,1994,27.0
Honda,CR-V,DefectRate,1995,27.0
Honda,CR-V,DefectRate,1996,26.0
Honda,CR-V,DefectRate,1997,24.0
Honda,CR-V,DefectRate,1998,24.0
Honda,CR-V,DefectRate,1999,23.0
Honda,CR-V,DefectRate,2000,23.0
Honda,CR-V,DefectRate,2001,22.0
Honda,CR-V,DefectRate,2002,22.0
Honda,CR-V,DefectRate,2003,20.0
Honda,CR-V,DefectRate,2004,19.0
Honda,CR-V,DefectRate,2005,18.0
Honda,CR-V,DefectRate,2006,17.0
Honda,CR-V,DefectRate,2007,17.0
Honda,CR-V,DefectRate,2008,17.0
Honda,CR-V,DefectRate,2009,17.0
Honda,CR-V,DefectRate,2010,17.0
Honda,CR-V,DefectRate,2011,18.0
Honda,CR-V,DefectRate,2012,18.0
Honda,CR-V,DefectRate,2013,19.0
Honda,CR-V,DefectRate,2014,19.0
Honda,CR-V,DefectRate,2015,17.0
Honda,CR-V,DefectRate,2016,15.0
Honda,CR-V,DefectRate,2017,14.0
Honda,CR-V,DefectRate,2018,7.0
Honda,CR-V,DefectRate,2019,6.0
Honda,CR-V,QIRRate,1996,65.0
Honda,CR-V,QIRRate,1997,65.0
Honda,CR-V,QIRRate,1998,57.0
Honda,CR-V,QIRRate,1999,65.0
Honda,CR-V,QIRRate,2000,57.0
Honda,CR-V,QIRRate,2001,60.0
Honda,CR-V,QIRRate,2002,67.0
Honda,CR-V,QIRRate,2003,85.0
Honda,CR-V,QIRRate,2004,75.0
Honda,CR-V,QIRRate,2005,85.0
Honda,CR-V,QIRRate,2006,85.0
Honda,CR-V,QIRRate,2007,97.0
Honda,CR-V,QIRRate,2008,97.0
Honda,CR-V,QIRRate,2009,97.0
Honda,CR-V,QIRRate,2010,97.0
Honda,CR-V,QIRRate,2011,97.0
Honda,CR-V,QIRRate,2012,85.0
Honda,CR-V,QIRRate,2013,85.0
Honda,CR-V,QIRRate,2014,85.0
Honda,CR-V,QIRRate,2015,97.0
Honda,CR-V,QIRRate,2016,97.0
Honda,CR-V,QIRRate,2017,97.0
Honda,Fit,QIRRate,2007,75.0
Honda,Fit,QIRRate,2008,75.0
Honda,Fit,QIRRate,2009,98.0
Honda,Fit,QIRRate,2010,98.0
Honda,Fit,QIRRate,2011,98.0
Honda,Fit,QIRRate,2012,98.0
Honda,Fit,QIRRate,2013,98.0
Honda,Fit,QIRRate,2014,98.0
Honda,Fit,QIRRate,2015,88.0
Honda,Fit,QIRRate,2016,98.0
Honda,Fit,QIRRate,2017,98.0
Honda,Fit,DefectRate,1992,27.0
Honda,Fit,DefectRate,1993,27.0
Honda,Fit,DefectRate,1994,27.0
Honda,Fit,DefectRate,1995,26.0
Honda,Fit,DefectRate,1996,26.0
Honda,Fit,DefectRate,1997,25.0
Honda,Fit,DefectRate,1998,24.0
Honda,Fit,DefectRate,1999,24.0
Honda,Fit,DefectRate,2000,24.0
Honda,Fit,DefectRate,2001,23.0
Honda,Fit,DefectRate,2002,23.0
Honda,Fit,DefectRate,2003,21.0
Honda,Fit,DefectRate,2004,20.0
Honda,Fit,DefectRate,2005,19.0
Honda,Fit,DefectRate,2006,19.0
Honda,Fit,DefectRate,2007,16.0
Honda,Fit,DefectRate,2008,16.0
Honda,Fit,DefectRate,2009,16.0
Honda,Fit,DefectRate,2010,16.0
Honda,Fit,DefectRate,2011,17.0
Honda,Fit,DefectRate,2012,18.0
Honda,Fit,DefectRate,2013,18.0
Honda,Fit,DefectRate,2014,18.0
Honda,Fit,DefectRate,2015,17.0
Honda,Fit,DefectRate,2016,15.0
Honda,Fit,DefectRate,2017,14.0
Honda,Fit,DefectRate,2018,11.0
Honda,Fit,DefectRate,2019,7.0
Honda,Odyssey,DefectRate,1992,27.0
Honda,Odyssey,DefectRate,1993,27.0
Honda,Odyssey,DefectRate,1994,27.0
Honda,Odyssey,DefectRate,1995,26.0
Honda,Odyssey,DefectRate,1996,26.0
Honda,Odyssey,DefectRate,1997,25.0
Honda,Odyssey,DefectRate,1998,40.0
Honda,Odyssey,DefectRate,1999,39.0
Honda,Odyssey,DefectRate,2000,36.0
Honda,Odyssey,DefectRate,2001,35.0
Honda,Odyssey,DefectRate,2002,34.0
Honda,Odyssey,DefectRate,2003,32.0
Honda,Odyssey,DefectRate,2004,28.0
Honda,Odyssey,DefectRate,2005,28.0
Honda,Odyssey,DefectRate,2006,26.0
Honda,Odyssey,DefectRate,2007,20.0
Honda,Odyssey,DefectRate,2008,18.0
Honda,Odyssey,DefectRate,2009,18.0
Honda,Odyssey,DefectRate,2010,14.0
Honda,Odyssey,DefectRate,2011,18.0
Honda,Odyssey,DefectRate,2012,18.0
Honda,Odyssey,DefectRate,2013,18.0
Honda,Odyssey,DefectRate,2014,28.0
Honda,Odyssey,DefectRate,2015,26.0
Honda,Odyssey,DefectRate,2016,26.0
Honda,Odyssey,DefectRate,2017,16.0
Honda,Odyssey,DefectRate,2018,10.0
Honda,Odyssey,DefectRate,2019,7.0
Honda,Odyssey,QIRRate,1994,10.0
Honda,Odyssey,QIRRate,1995,10.0
Honda,Odyssey,QIRRate,1996,15.0
Honda,Odyssey,QIRRate,1997,2.0
Honda,Odyssey,QIRRate,1998,68.0
Honda,Odyssey,QIRRate,1999,6.0
Honda,Odyssey,QIRRate,2000,8.0
Honda,Odyssey,QIRRate,2001,8.0
Honda,Odyssey,QIRRate,2002,20.0
Honda,Odyssey,QIRRate,2003,25.0
Honda,Odyssey,QIRRate,2004,35.0
Honda,Odyssey,QIRRate,2005,35.0
Honda,Odyssey,QIRRate,2006,40.0
Honda,Odyssey,QIRRate,2007,58.0
Honda,Odyssey,QIRRate,2008,68.0
Honda,Odyssey,QIRRate,2009,70.0
Honda,Odyssey,QIRRate,2010,88.0
Honda,Odyssey,QIRRate,2011,70.0
Honda,Odyssey,QIRRate,2012,72.0
Honda,Odyssey,QIRRate,2013,72.0
Honda,Odyssey,QIRRate,2014,35.0
Honda,Odyssey,QIRRate,2015,25.0
Honda,Odyssey,QIRRate,2016,48.0
Honda,Odyssey,QIRRate,2017,48.0
Honda,Odyssey,QIRRate,2018,95.0
Hyundai,Elantra,DefectRate,1992,27.0
Hyundai,Elantra,DefectRate,1993,27.0
Hyundai,Elantra,DefectRate,1994,27.0
Hyundai,Elantra,DefectRate,1995,26.0
Hyundai,Elantra,DefectRate,1996,30.0
Hyundai,Elantra,DefectRate,1997,32.0
Hyundai,Elantra,DefectRate,1998,24.0
Hyundai,Elantra,DefectRate,1999,25.0
Hyundai,Elantra,DefectRate,2000,24.0
Hyundai,Elantra,DefectRate,2001,23.0
Hyundai,Elantra,DefectRate,2002,20.0
Hyundai,Elantra,DefectRate,2003,18.0
Hyundai,Elantra,DefectRate,2004,18.0
Hyundai,Elantra,DefectRate,2005,17.0
Hyundai,Elantra,DefectRate,2006,17.0
Hyundai,Elantra,DefectRate,2007,16.0
Hyundai,Elantra,DefectRate,2008,12.0
Hyundai,Elantra,DefectRate,2009,12.0
Hyundai,Elantra,DefectRate,2010,17.0
Hyundai,Elantra,DefectRate,2011,17.0
Hyundai,Elantra,DefectRate,2012,27.0
Hyundai,Elantra,DefectRate,2013,23.0
Hyundai,Elantra,DefectRate,2014,24.0
Hyundai,Elantra,DefectRate,2015,27.0
Hyundai,Elantra,DefectRate,2016,19.0
Hyundai,Elantra,DefectRate,2017,14.0
Hyundai,Elantra,DefectRate,2018,7.0
Hyundai,Elantra,DefectRate,2019,12.0
Hyundai,Elantra,QIRRate,1998,23.0
Hyundai,Elantra,QIRRate,1999,23.0
Hyundai,Elantra,QIRRate,2000,23.0
Hyundai,Elantra,QIRRate,2001,33.0
Hyundai,Elantra,QIRRate,2002,48.0
Hyundai,Elantra,QIRRate,2003,60.0
Hyundai,Elantra,QIRRate,2004,60.0
Hyundai,Elantra,QIRRate,2005,65.0
Hyundai,Elantra,QIRRate,2006,75.0
Hyundai,Elantra,QIRRate,2007,85.0
Hyundai,Elantra,QIRRate,2008,85.0
Hyundai,Elantra,QIRRate,2009,55.0
Hyundai,Elantra,QIRRate,2010,50.0
Hyundai,Elantra,QIRRate,2011,35.0
Hyundai,Elantra,QIRRate,2012,50.0
Hyundai,Elantra,QIRRate,2013,68.0
Hyundai,Elantra,QIRRate,2014,58.0
Hyundai,Elantra,QIRRate,2015,45.0
Hyundai,Elantra,QIRRate,2016,50.0
Hyundai,Elantra,QIRRate,2017,68.0
Hyundai,Elantra,QIRRate,2018,68.0
Jeep,Wrangler,DefectRate,1992,33.0
Jeep,Wrangler,DefectRate,1993,33.0
Jeep,Wrangler,DefectRate,1994,27.0
Jeep,Wrangler,DefectRate,1995,27.0
Jeep,Wrangler,DefectRate,1996,26.0
Jeep,Wrangler,DefectRate,1997,25.0
Jeep,Wrangler,DefectRate,1998,24.0
Jeep,Wrangler,DefectRate,1999,24.0
Jeep,Wrangler,DefectRate,2000,24.0
Jeep,Wrangler,DefectRate,2001,19.0
Jeep,Wrangler,DefectRate,2002,17.0
Jeep,Wrangler,DefectRate,2003,17.0
Jeep,Wrangler,DefectRate,2004,19.0
Jeep,Wrangler,DefectRate,2005,10.0
Jeep,Wrangler,DefectRate,2006,9.0
Jeep,Wrangler,DefectRate,2007,13.0
Jeep,Wrangler,DefectRate,2008,13.0
Jeep,Wrangler,DefectRate,2009,16.0
Jeep,Wrangler,DefectRate,2010,16.0
Jeep,Wrangler,DefectRate,2011,17.0
Jeep,Wrangler,DefectRate,2012,19.0
Jeep,Wrangler,DefectRate,2013,19.0
Jeep,Wrangler,DefectRate,2014,18.0
Jeep,Wrangler,DefectRate,2015,16.0
Jeep,Wrangler,DefectRate,2016,12.0
Jeep,Wrangler,DefectRate,2017,11.0
Jeep,Wrangler,DefectRate,2018,7.0
Jeep,Wrangler,DefectRate,2019,2.0
Jeep,Wrangler,QIRRate,1992,62.0
Jeep,Wrangler,QIRRate,1993,62.0
Jeep,Wrangler,QIRRate,1994,77.0
Jeep,Wrangler,QIRRate,1995,77.0
Jeep,Wrangler,QIRRate,1996,76.0
Jeep,Wrangler,QIRRate,1997,75.0
Jeep,Wrangler,QIRRate,1998,78.0
Jeep,Wrangler,QIRRate,1999,60.0
Jeep,Wrangler,QIRRate,2000,60.0
Jeep,Wrangler,QIRRate,2001,65.0
Jeep,Wrangler,QIRRate,2002,90.0
Jeep,Wrangler,QIRRate,2003,94.0
Jeep,Wrangler,QIRRate,2004,87.0
Jeep,Wrangler,QIRRate,2005,76.0
Jeep,Wrangler,QIRRate,2006,87.0
Jeep,Wrangler,QIRRate,2007,69.0
Jeep,Wrangler,QIRRate,2008,69.0
Jeep,Wrangler,QIRRate,2009,85.0
Jeep,Wrangler,QIRRate,2010,85.0
Jeep,Wrangler,QIRRate,2011,88.0
Jeep,Wrangler,QIRRate,2012,86.0
Jeep,Wrangler,QIRRate,2013,90.0
Jeep,Wrangler,QIRRate,2014,90.0
Jeep,Wrangler,QIRRate,2015,97.0
Jeep,Wrangler,QIRRate,2016,97.0
Jeep,Wrangler,QIRRate,2017,97.0
Kia,Forte,DefectRate,1992,28.0
Kia,Forte,DefectRate,1993,28.0
Kia,Forte,DefectRate,1994,27.0
Kia,Forte,DefectRate,1995,27.0
Kia,Forte,DefectRate,1996,26.0
Kia,Forte,DefectRate,1997,25.0
Kia,Forte,DefectRate,1998,24.0
Kia,Forte,DefectRate,1999,24.0
Kia,Forte,DefectRate,2000,23.0
Kia,Forte,DefectRate,2001,23.0
Kia,Forte,DefectRate,2002,22.0
Kia,Forte,DefectRate,2003,21.0
Kia,Forte,DefectRate,2004,20.0
Kia,Forte,DefectRate,2005,19.0
Kia,Forte,DefectRate,2006,18.0
Kia,Forte,DefectRate,2007,17.0
Kia,Forte,DefectRate,2008,16.0
Kia,Forte,DefectRate,2009,16.0
Kia,Forte,DefectRate,2010,16.0
Kia,Forte,DefectRate,2011,17.0
Kia,Forte,DefectRate,2012,18.0
Kia,Forte,DefectRate,2013,28.0
Kia,Forte,DefectRate,2014,28.0
Kia,Forte,DefectRate,2015,23.0
Kia,Forte,DefectRate,2016,17.0
Kia,Forte,DefectRate,2017,14.0
Kia,Forte,DefectRate,2018,8.0
Kia,Forte,DefectRate,2019,8.0
Kia,Forte,QIRRate,2009,35.0
Kia,Forte,QIRRate,2010,35.0
Kia,Forte,QIRRate,2011,45.0
Kia,Forte,QIRRate,2012,47.0
Kia,Forte,QIRRate,2013,58.0
Kia,Forte,QIRRate,2014,58.0
Kia,Forte,QIRRate,2015,65.0
Kia,Forte,QIRRate,2016,70.0
Kia,Forte,QIRRate,2017,75.0
Kia,Forte,QIRRate,2018,80.0
Kia,Optima,DefectRate,1992,27.0
Kia,Optima,DefectRate,1993,27.0
Kia,Optima,DefectRate,1994,27.0
Kia,Optima,DefectRate,1995,26.0
Kia,Optima,DefectRate,1996,26.0
Kia,Optima,DefectRate,1997,25.0
Kia,Optima,DefectRate,1998,24.0
Kia,Optima,DefectRate,1999,24.0
Kia,Optima,DefectRate,2000,24.0
Kia,Optima,DefectRate,2001,22.0
Kia,Optima,DefectRate,2002,34.0
Kia,Optima,DefectRate,2003,21.0
Kia,Optima,DefectRate,2004,20.0
Kia,Optima,DefectRate,2005,20.0
Kia,Optima,DefectRate,2006,18.0
Kia,Optima,DefectRate,2007,17.0
Kia,Optima,DefectRate,2008,17.0
Kia,Optima,DefectRate,2009,17.0
Kia,Optima,DefectRate,2010,18.0
Kia,Optima,DefectRate,2011,17.0
Kia,Optima,DefectRate,2012,17.0
Kia,Optima,DefectRate,2013,19.0
Kia,Optima,DefectRate,2014,19.0
Kia,Optima,DefectRate,2015,25.0
Kia,Optima,DefectRate,2016,23.0
Kia,Optima,DefectRate,2017,17.0
Kia,Optima,DefectRate,2018,12.0
Kia,Optima,DefectRate,2019,10.0
Kia,Optima,QIRRate,2001,30.0
Kia,Optima,QIRRate,2002,30.0
Kia,Optima,QIRRate,2003,28.0
Kia,Optima,QIRRate,2004,32.0
Kia,Optima,QIRRate,2005,34.0
Kia,Optima,QIRRate,2006,30.0
Kia,Optima,QIRRate,2007,65.0
Kia,Optima,QIRRate,2008,60.0
Kia,Optima,QIRRate,2009,65.0
Kia,Optima,QIRRate,2010,65.0
Kia,Optima,QIRRate,2011,65.0
Kia,Optima,QIRRate,2012,65.0
Kia,Optima,QIRRate,2013,68.0
Kia,Optima,QIRRate,2014,65.0
Kia,Optima,QIRRate,2015,48.0
Kia,Optima,QIRRate,2016,50.0
Kia,Optima,QIRRate,2017,50.0
Kia,Optima,QIRRate,2018,50.0
Kia,Rio,DefectRate,1992,28.0
Kia,Rio,DefectRate,1993,28.0
Kia,Rio,DefectRate,1994,27.0
Kia,Rio,DefectRate,1995,27.0
Kia,Rio,DefectRate,1996,26.0
Kia,Rio,DefectRate,1997,25.0
Kia,Rio,DefectRate,1998,24.0
Kia,Rio,DefectRate,1999,24.0
Kia,Rio,DefectRate,2000,24.0
Kia,Rio,DefectRate,2001,23.0
Kia,Rio,DefectRate,2002,21.0
Kia,Rio,DefectRate,2003,35.0
Kia,Rio,DefectRate,2004,26.0
Kia,Rio,DefectRate,2005,29.0
Kia,Rio,DefectRate,2006,18.0
Kia,Rio,DefectRate,2007,18.0
Kia,Rio,DefectRate,2008,17.0
Kia,Rio,DefectRate,2009,23.0
Kia,Rio,DefectRate,2010,25.0
Kia,Rio,DefectRate,2011,25.0
Kia,Rio,DefectRate,2012,31.0
Kia,Rio,DefectRate,2013,20.0
Kia,Rio,DefectRate,2014,19.0
Kia,Rio,DefectRate,2015,16.0
Kia,Rio,DefectRate,2016,15.0
Kia,Rio,DefectRate,2017,12.0
Kia,Rio,DefectRate,2018,11.0
Kia,Rio,DefectRate,2019,8.0
Kia,Rio,QIRRate,2001,50.0
Kia,Rio,QIRRate,2002,2.0
Kia,Rio,QIRRate,2003,4.0
Kia,Rio,QIRRate,2004,6.0
Kia,Rio,QIRRate,2005,42.0
Kia,Rio,QIRRate,2006,40.0
Kia,Rio,QIRRate,2007,38.0
Kia,Rio,QIRRate,2008,28.0
Kia,Rio,QIRRate,2009,42.0
Kia,Rio,QIRRate,2010,40.0
Kia,Rio,QIRRate,2011,48.0
Kia,Rio,QIRRate,2012,52.0
Kia,Rio,QIRRate,2013,44.0
Kia,Rio,QIRRate,2014,40.0
Kia,Rio,QIRRate,2015,12.0
Kia,Rio,QIRRate,2016,48.0
Kia,Rio,QIRRate,2017,48.0
Kia,Rio,QIRRate,2018,32.0
Lincoln,MKX,DefectRate,1992,27.0
Lincoln,MKX,DefectRate,1993,27.0
Lincoln,MKX,DefectRate,1994,27.0
Lincoln,MKX,DefectRate,1995,26.0
Lincoln,MKX,DefectRate,1996,26.0
Lincoln,MKX,DefectRate,1997,25.0
Lincoln,MKX,DefectRate,1998,24.0
Lincoln,MKX,DefectRate,1999,24.0
Lincoln,MKX,DefectRate,2000,24.0
Lincoln,MKX,DefectRate,2001,23.0
Lincoln,MKX,DefectRate,2002,23.0
Lincoln,MKX,DefectRate,2003,21.0
Lincoln,MKX,DefectRate,2004,20.0
Lincoln,MKX,DefectRate,2005,19.0
Lincoln,MKX,DefectRate,2006,19.0
Lincoln,MKX,DefectRate,2007,16.0
Lincoln,MKX,DefectRate,2008,16.0
Lincoln,MKX,DefectRate,2009,16.0
Lincoln,MKX,DefectRate,2010,16.0
Lincoln,MKX,DefectRate,2011,16.0
Lincoln,MKX,DefectRate,2012,18.0
Lincoln,MKX,DefectRate,2013,19.0
Lincoln,MKX,DefectRate,2014,19.0
Lincoln,MKX,DefectRate,2015,17.0
Lincoln,MKX,DefectRate,2016,16.0
Lincoln,MKX,DefectRate,2017,15.0
Lincoln,MKX,DefectRate,2018,10.0
Lincoln,MKX,DefectRate,2019,1.0
Lincoln,MKX,QIRRate,2007,78.0
Lincoln,MKX,QIRRate,2008,48.0
Lincoln,MKX,QIRRate,2009,83.0
Lincoln,MKX,QIRRate,2010,85.0
Lincoln,MKX,QIRRate,2011,90.0
Lincoln,MKX,QIRRate,2012,93.0
Lincoln,MKX,QIRRate,2013,96.0
Lincoln,Navigator,DefectRate,1992,28.0
Lincoln,Navigator,DefectRate,1993,28.0
Lincoln,Navigator,DefectRate,1994,27.0
Lincoln,Navigator,DefectRate,1995,27.0
Lincoln,Navigator,DefectRate,1996,25.0
Lincoln,Navigator,DefectRate,1997,25.0
Lincoln,Navigator,DefectRate,1998,29.0
Lincoln,Navigator,DefectRate,1999,24.0
Lincoln,Navigator,DefectRate,2000,24.0
Lincoln,Navigator,DefectRate,2001,25.0
Lincoln,Navigator,DefectRate,2002,18.0
Lincoln,Navigator,DefectRate,2003,28.0
Lincoln,Navigator,DefectRate,2004,40.0
Lincoln,Navigator,DefectRate,2005,27.0
Lincoln,Navigator,DefectRate,2006,18.0
Lincoln,Navigator,DefectRate,2007,17.0
Lincoln,Navigator,DefectRate,2008,17.0
Lincoln,Navigator,DefectRate,2009,17.0
Lincoln,Navigator,DefectRate,2010,13.0
Lincoln,Navigator,DefectRate,2011,18.0
Lincoln,Navigator,DefectRate,2012,19.0
Lincoln,Navigator,DefectRate,2013,19.0
Lincoln,Navigator,DefectRate,2014,18.0
Lincoln,Navigator,DefectRate,2015,17.0
Lincoln,Navigator,DefectRate,2016,15.0
Lincoln,Navigator,DefectRate,2017,8.0
Lincoln,Navigator,DefectRate,2018,30.0
Lincoln,Navigator,QIRRate,1998,22.0
Lincoln,Navigator,QIRRate,1999,55.0
Lincoln,Navigator,QIRRate,2000,57.0
Lincoln,Navigator,QIRRate,2001,36.0
Lincoln,Navigator,QIRRate,2002,62.0
Lincoln,Navigator,QIRRate,2003,18.0
Lincoln,Navigator,QIRRate,2004,10.0
Lincoln,Navigator,QIRRate,2005,18.0
Lincoln,Navigator,QIRRate,2006,38.0
Lincoln,Navigator,QIRRate,2007,49.0
Lincoln,Navigator,QIRRate,2008,70.0
Lincoln,Navigator,QIRRate,2009,72.0
Lincoln,Navigator,QIRRate,2010,90.0
Lincoln,Navigator,QIRRate,2011,85.0
Lincoln,Navigator,QIRRate,2012,87.0
Lincoln,Navigator,QIRRate,2013,65.0
Lincoln,Navigator,QIRRate,2014,87.0
Lincoln,Navigator,QIRRate,2015,68.0
Lincoln,Navigator,QIRRate,2016,98.0
Mazda,CX-5,DefectRate,1992,27.0
Mazda,CX-5,DefectRate,1993,27.0
Mazda,CX-5,DefectRate,1994,27.0
Mazda,CX-5,DefectRate,1995,26.0
Mazda,CX-5,DefectRate,1996,26.0
Mazda,CX-5,DefectRate,1997,25.0
Mazda,CX-5,DefectRate,1998,24.0
Mazda,CX-5,DefectRate,1999,24.0
Mazda,CX-5,DefectRate,2000,24.0
Mazda,CX-5,DefectRate,2001,23.0
Mazda,CX-5,DefectRate,2002,23.0
Mazda,CX-5,DefectRate,2003,22.0
Mazda,CX-5,DefectRate,2004,20.0
Mazda,CX-5,DefectRate,2005,19.0
Mazda,CX-5,DefectRate,2006,19.0
Mazda,CX-5,DefectRate,2007,17.0
Mazda,CX-5,DefectRate,2008,17.0
Mazda,CX-5,DefectRate,2009,17.0
Mazda,CX-5,DefectRate,2010,17.0
Mazda,CX-5,DefectRate,2011,17.0
Mazda,CX-5,DefectRate,2012,18.0
Mazda,CX-5,DefectRate,2013,18.0
Mazda,CX-5,DefectRate,2014,18.0
Mazda,CX-5,DefectRate,2015,17.0
Mazda,CX-5,DefectRate,2016,16.0
Mazda,CX-5,DefectRate,2017,15.0
Mazda,CX-5,DefectRate,2018,12.0
Mazda,CX-5,DefectRate,2019,7.0
Mazda,CX-5,QIRRate,2012,88.0
Mazda,CX-5,QIRRate,2013,88.0
Mazda,CX-5,QIRRate,2014,90.0
Mazda,CX-5,QIRRate,2015,90.0
Mazda,CX-5,QIRRate,2016,88.0
Mazda,CX-5,QIRRate,2017,86.0
Mazda,CX-5,QIRRate,2018,48.0
Mazda,Mazda3,DefectRate,1992,27.0
Mazda,Mazda3,DefectRate,1993,27.0
Mazda,Mazda3,DefectRate,1994,27.0
Mazda,Mazda3,DefectRate,1995,26.0
Mazda,Mazda3,DefectRate,1996,26.0
Mazda,Mazda3,DefectRate,1997,25.0
Mazda,Mazda3,DefectRate,1998,24.0
Mazda,Mazda3,DefectRate,1999,24.0
Mazda,Mazda3,DefectRate,2000,24.0
Mazda,Mazda3,DefectRate,2001,23.0
Mazda,Mazda3,DefectRate,2002,22.0
Mazda,Mazda3,DefectRate,2003,20.0
Mazda,Mazda3,DefectRate,2004,18.0
Mazda,Mazda3,DefectRate,2005,18.0
Mazda,Mazda3,DefectRate,2006,17.0
Mazda,Mazda3,DefectRate,2007,17.0
Mazda,Mazda3,DefectRate,2008,16.0
Mazda,Mazda3,DefectRate,2009,16.0
Mazda,Mazda3,DefectRate,2010,16.0
Mazda,Mazda3,DefectRate,2011,17.0
Mazda,Mazda3,DefectRate,2012,18.0
Mazda,Mazda3,DefectRate,2013,18.0
Mazda,Mazda3,DefectRate,2014,17.0
Mazda,Mazda3,DefectRate,2015,16.0
Mazda,Mazda3,DefectRate,2016,11.0
Mazda,Mazda3,DefectRate,2017,11.0
Mazda,Mazda3,DefectRate,2018,7.0
Mazda,Mazda3,DefectRate,2019,7.0
Mazda,Mazda3,QIRRate,1992,0.0
Mazda,Mazda3,QIRRate,1993,0.0
Mazda,Mazda3,QIRRate,1994,0.0
Mazda,Mazda3,QIRRate,1995,0.0
Mazda,Mazda3,QIRRate,1996,0.0
Mazda,Mazda3,QIRRate,1997,0.0
Mazda,Mazda3,QIRRate,1998,0.0
Mazda,Mazda3,QIRRate,1999,0.0
Mazda,Mazda3,QIRRate,2000,0.0
Mazda,Mazda3,QIRRate,2001,0.0
Mazda,Mazda3,QIRRate,2002,0.0
Mazda,Mazda3,QIRRate,2003,52.0
Mazda,Mazda3,QIRRate,2004,58.0
Mazda,Mazda3,QIRRate,2005,50.0
Mazda,Mazda3,QIRRate,2006,50.0
Mazda,Mazda3,QIRRate,2007,50.0
Mazda,Mazda3,QIRRate,2008,65.0
Mazda,Mazda3,QIRRate,2009,75.0
Mazda,Mazda3,QIRRate,2010,88.0
Mazda,Mazda3,QIRRate,2011,90.0
Mazda,Mazda3,QIRRate,2012,88.0
Mazda,Mazda3,QIRRate,2013,97.0
Mazda,Mazda3,QIRRate,2014,97.0
Mazda,Mazda3,QIRRate,2015,95.0
Mazda,Mazda3,QIRRate,2016,78.0
Mazda,Mazda3,QIRRate,2017,78.0
Mazda,Mazda3,QIRRate,2018,78.0
Mazda,Mazda5,DefectRate,1992,27.0
Mazda,Mazda5,DefectRate,1993,27.0
Mazda,Mazda5,DefectRate,1994,27.0
Mazda,Mazda5,DefectRate,1995,26.0
Mazda,Mazda5,DefectRate,1996,26.0
Mazda,Mazda5,DefectRate,1997,25.0
Mazda,Mazda5,DefectRate,1998,24.0
Mazda,Mazda5,DefectRate,1999,24.0
Mazda,Mazda5,DefectRate,2000,24.0
Mazda,Mazda5,DefectRate,2001,23.0
Mazda,Mazda5,DefectRate,2002,23.0
Mazda,Mazda5,DefectRate,2003,21.0
Mazda,Mazda5,DefectRate,2004,20.0
Mazda,Mazda5,DefectRate,2005,19.0
Mazda,Mazda5,DefectRate,2006,18.0
Mazda,Mazda5,DefectRate,2007,18.0
Mazda,Mazda5,DefectRate,2008,23.0
Mazda,Mazda5,DefectRate,2009,17.0
Mazda,Mazda5,DefectRate,2010,17.0
Mazda,Mazda5,DefectRate,2011,17.0
Mazda,Mazda5,DefectRate,2012,18.0
Mazda,Mazda5,DefectRate,2013,18.0
Mazda,Mazda5,DefectRate,2014,18.0
Mazda,Mazda5,DefectRate,2015,4.0
Mazda,Mazda5,DefectRate,2016,14.0
Mazda,Mazda5,DefectRate,2017,14.0
Mazda,Mazda5,DefectRate,2018,10.0
Mazda,Mazda5,DefectRate,2019,7.0
Mazda,Mazda5,QIRRate,2005,58.0
Mazda,Mazda5,QIRRate,2006,58.0
Mazda,Mazda5,QIRRate,2007,57.0
Mazda,Mazda5,QIRRate,2008,28.0
Mazda,Mazda5,QIRRate,2009,52.0
Mazda,Mazda5,QIRRate,2010,62.0
Mazda,Mazda5,QIRRate,2011,64.0
Mazda,Mazda5,QIRRate,2012,64.0
Mazda,Mazda5,QIRRate,2013,82.0
Mazda,Mazda5,QIRRate,2014,55.0
Mazda,Mazda6,DefectRate,1992,28.0
Mazda,Mazda6,DefectRate,1993,28.0
Mazda,Mazda6,DefectRate,1994,27.0
Mazda,Mazda6,DefectRate,1995,27.0
Mazda,Mazda6,DefectRate,1996,25.0
Mazda,Mazda6,DefectRate,1997,25.0
Mazda,Mazda6,DefectRate,1998,24.0
Mazda,Mazda6,DefectRate,1999,24.0
Mazda,Mazda6,DefectRate,2000,23.0
Mazda,Mazda6,DefectRate,2001,23.0
Mazda,Mazda6,DefectRate,2002,21.0
Mazda,Mazda6,DefectRate,2003,20.0
Mazda,Mazda6,DefectRate,2004,24.0
Mazda,Mazda6,DefectRate,2005,23.0
Mazda,Mazda6,DefectRate,2006,23.0
Mazda,Mazda6,DefectRate,2007,18.0
Mazda,Mazda6,DefectRate,2008,17.0
Mazda,Mazda6,DefectRate,2009,16.0
Mazda,Mazda6,DefectRate,2010,16.0
Mazda,Mazda6,DefectRate,2011,17.0
Mazda,Mazda6,DefectRate,2012,18.0
Mazda,Mazda6,DefectRate,2013,18.0
Mazda,Mazda6,DefectRate,2014,18.0
Mazda,Mazda6,DefectRate,2015,17.0
Mazda,Mazda6,DefectRate,2016,15.0
Mazda,Mazda6,DefectRate,2017,12.0
Mazda,Mazda6,DefectRate,2018,12.0
Mazda,Mazda6,DefectRate,2019,7.0
Mazda,Mazda6,QIRRate,2002,2.0
Mazda,Mazda6,QIRRate,2003,20.0
Mazda,Mazda6,QIRRate,2004,22.0
Mazda,Mazda6,QIRRate,2005,23.0
Mazda,Mazda6,QIRRate,2006,23.0
Mazda,Mazda6,QIRRate,2007,43.0
Mazda,Mazda6,QIRRate,2008,43.0
Mazda,Mazda6,QIRRate,2009,87.0
Mazda,Mazda6,QIRRate,2010,88.0
Mazda,Mazda6,QIRRate,2011,87.0
Mazda,Mazda6,QIRRate,2012,90.0
Mazda,Mazda6,QIRRate,2013,88.0
Mazda,Mazda6,QIRRate,2014,90.0
Mazda,Mazda6,QIRRate,2015,96.0
Mazda,Mazda6,QIRRate,2016,96.0
Mazda,Mazda6,QIRRate,2017,65.0
Mazda,MX-5,DefectRate,1992,27.0
Mazda,MX-5,DefectRate,1993,27.0
Mazda,MX-5,DefectRate,1994,24.0
Mazda,MX-5,DefectRate,1995,16.0
Mazda,MX-5,DefectRate,1996,16.0
Mazda,MX-5,DefectRate,1997,11.0
Mazda,MX-5,DefectRate,1998,11.0
Mazda,MX-5,DefectRate,1999,11.0
Mazda,MX-5,DefectRate,2000,9.0
Mazda,MX-5,DefectRate,2001,9.0
Mazda,MX-5,DefectRate,2002,5.0
Mazda,MX-5,DefectRate,2003,5.0
Mazda,MX-5,DefectRate,2004,7.0
Mazda,MX-5,DefectRate,2005,7.0
Mazda,MX-5,DefectRate,2006,6.0
Mazda,MX-5,DefectRate,2007,6.0
Mazda,MX-5,DefectRate,2008,4.0
Mazda,MX-5,DefectRate,2009,5.0
Mazda,MX-5,DefectRate,2010,7.0
Mazda,MX-5,DefectRate,2011,8.0
Mazda,MX-5,DefectRate,2012,10.0
Mazda,MX-5,DefectRate,2013,18.0
Mazda,MX-5,DefectRate,2014,18.0
Mazda,MX-5,DefectRate,2015,17.0
Mazda,MX-5,DefectRate,2016,14.0
Mazda,MX-5,DefectRate,2017,11.0
Mazda,MX-5,DefectRate,2018,7.0
Mazda,MX-5,DefectRate,2019,7.0
Mazda,MX-5,QIRRate,1996,68.0
Mazda,MX-5,QIRRate,1997,90.0
Mazda,MX-5,QIRRate,1998,90.0
Mazda,MX-5,QIRRate,1999,92.0
Mazda,MX-5,QIRRate,2000,92.0
Mazda,MX-5,QIRRate,2001,97.0
Mazda,MX-5,QIRRate,2002,97.0
Mazda,MX-5,QIRRate,2003,97.0
Mazda,MX-5,QIRRate,2004,97.0
Mazda,MX-5,QIRRate,2005,95.0
Mazda,MX-5,QIRRate,2006,95.0
Mazda,MX-5,QIRRate,2007,95.0
Mazda,MX-5,QIRRate,2008,95.0
Mazda,MX-5,QIRRate,2009,95.0
Mazda,MX-5,QIRRate,2010,95.0
Mazda,MX-5,QIRRate,2011,95.0
Mazda,MX-5,QIRRate,2012,90.0
Mazda,MX-5,QIRRate,2016,90.0
Mercedes-Benz,E_Class,DefectRate,1992,28.0
Mercedes-Benz,E_Class,DefectRate,1993,28.0
Mercedes-Benz,E_Class,DefectRate,1994,33.0
Mercedes-Benz,E_Class,DefectRate,1995,37.0
Mercedes-Benz,E_Class,DefectRate,1996,26.0
Mercedes-Benz,E_Class,DefectRate,1997,28.0
Mercedes-Benz,E_Class,DefectRate,1998,24.0
Mercedes-Benz,E_Class,DefectRate,1999,23.0
Mercedes-Benz,E_Class,DefectRate,2000,24.0
Mercedes-Benz,E_Class,DefectRate,2001,23.0
Mercedes-Benz,E_Class,DefectRate,2002,22.0
Mercedes-Benz,E_Class,DefectRate,2003,18.0
Mercedes-Benz,E_Class,DefectRate,2004,18.0
Mercedes-Benz,E_Class,DefectRate,2005,18.0
Mercedes-Benz,E_Class,DefectRate,2006,22.0
Mercedes-Benz,E_Class,DefectRate,2007,17.0
Mercedes-Benz,E_Class,DefectRate,2008,17.0
Mercedes-Benz,E_Class,DefectRate,2009,17.0
Mercedes-Benz,E_Class,DefectRate,2010,17.0
Mercedes-Benz,E_Class,DefectRate,2011,18.0
Mercedes-Benz,E_Class,DefectRate,2012,18.0
Mercedes-Benz,E_Class,DefectRate,2013,19.0
Mercedes-Benz,E_Class,DefectRate,2014,17.0
Mercedes-Benz,E_Class,DefectRate,2015,16.0
Mercedes-Benz,E_Class,DefectRate,2016,15.0
Mercedes-Benz,E_Class,DefectRate,2017,15.0
Mercedes-Benz,E_Class,DefectRate,2018,15.0
Mercedes-Benz,E_Class,DefectRate,2019,12.0
Mercedes-Benz,E_Class,QIRRate,1992,18.0
Mercedes-Benz,E_Class,QIRRate,1993,18.0
Mercedes-Benz,E_Class,QIRRate,1994,18.0
Mercedes-Benz,E_Class,QIRRate,1995,28.0
Mercedes-Benz,E_Class,QIRRate,1996,2.0
Mercedes-Benz,E_Class,QIRRate,1997,30.0
Mercedes-Benz,E_Class,QIRRate,1998,53.0
Mercedes-Benz,E_Class,QIRRate,1999,61.0
Mercedes-Benz,E_Class,QIRRate,2000,61.0
Mercedes-Benz,E_Class,QIRRate,2001,66.0
Mercedes-Benz,E_Class,QIRRate,2002,60.0
Mercedes-Benz,E_Class,QIRRate,2003,67.0
Mercedes-Benz,E_Class,QIRRate,2004,75.0
Mercedes-Benz,E_Class,QIRRate,2005,74.0
Mercedes-Benz,E_Class,QIRRate,2006,45.0
Mercedes-Benz,E_Class,QIRRate,2007,58.0
Mercedes-Benz,E_Class,QIRRate,2008,72.0
Mercedes-Benz,E_Class,QIRRate,2009,70.0
Mercedes-Benz,E_Class,QIRRate,2010,78.0
Mercedes-Benz,E_Class,QIRRate,2011,78.0
Mercedes-Benz,E_Class,QIRRate,2012,76.0
Mercedes-Benz,E_Class,QIRRate,2013,75.0
Mercedes-Benz,E_Class,QIRRate,2014,75.0
Mercedes-Benz,E_Class,QIRRate,2015,98.0
Mercedes-Benz,E_Class,QIRRate,2016,98.0
Mercedes-Benz,E_Class,QIRRate,2017,70.0
MINI,Cooper,QIRRate,2002,30.0
MINI,Cooper,QIRRate,2003,0.0
MINI,Cooper,QIRRate,2004,50.0
MINI,Cooper,QIRRate,2005,50.0
MINI,Cooper,QIRRate,2006,50.0
MINI,Cooper,QIRRate,2007,50.0
MINI,Cooper,QIRRate,2008,50.0
MINI,Cooper,QIRRate,2009,50.0
MINI,Cooper,QIRRate,2010,50.0
MINI,Cooper,DefectRate,1992,27.0
MINI,Cooper,DefectRate,1993,27.0
MINI,Cooper,DefectRate,1994,27.0
MINI,Cooper,DefectRate,1995,26.0
MINI,Cooper,DefectRate,1996,26.0
MINI,Cooper,DefectRate,1997,25.0
MINI,Cooper,DefectRate,1998,24.0
MINI,Cooper,DefectRate,1999,24.0
MINI,Cooper,DefectRate,2000,24.0
MINI,Cooper,DefectRate,2001,23.0
MINI,Cooper,DefectRate,2002,23.0
MINI,Cooper,DefectRate,2003,20.0
MINI,Cooper,DefectRate,2004,18.0
MINI,Cooper,DefectRate,2005,27.0
MINI,Cooper,DefectRate,2006,27.0
MINI,Cooper,DefectRate,2007,25.0
MINI,Cooper,DefectRate,2008,24.0
MINI,Cooper,DefectRate,2009,22.0
MINI,Cooper,DefectRate,2010,18.0
MINI,Cooper,DefectRate,2011,17.0
MINI,Cooper,DefectRate,2012,17.0
MINI,Cooper,DefectRate,2013,18.0
MINI,Cooper,DefectRate,2014,18.0
MINI,Cooper,DefectRate,2015,17.0
MINI,Cooper,DefectRate,2016,16.0
MINI,Cooper,DefectRate,2017,15.0
MINI,Cooper,DefectRate,2018,15.0
MINI,Cooper,DefectRate,2019,7.0
Nissan,Leaf,QIRRate,2012,98.0
Nissan,Leaf,DefectRate,1992,27.0
Nissan,Leaf,DefectRate,1993,27.0
Nissan,Leaf,DefectRate,1994,27.0
Nissan,Leaf,DefectRate,1995,26.0
Nissan,Leaf,DefectRate,1996,26.0
Nissan,Leaf,DefectRate,1997,25.0
Nissan,Leaf,DefectRate,1998,24.0
Nissan,Leaf,DefectRate,1999,23.0
Nissan,Leaf,DefectRate,2000,23.0
Nissan,Leaf,DefectRate,2001,23.0
Nissan,Leaf,DefectRate,2002,22.0
Nissan,Leaf,DefectRate,2003,21.0
Nissan,Leaf,DefectRate,2004,19.0
Nissan,Leaf,DefectRate,2005,19.0
Nissan,Leaf,DefectRate,2006,18.0
Nissan,Leaf,DefectRate,2007,17.0
Nissan,Leaf,DefectRate,2008,16.0
Nissan,Leaf,DefectRate,2009,16.0
Nissan,Leaf,DefectRate,2010,16.0
Nissan,Leaf,DefectRate,2011,16.0
Nissan,Leaf,DefectRate,2012,18.0
Nissan,Leaf,DefectRate,2013,19.0
Nissan,Leaf,DefectRate,2014,19.0
Nissan,Leaf,DefectRate,2015,17.0
Nissan,Leaf,DefectRate,2016,15.0
Nissan,Leaf,DefectRate,2017,14.0
Nissan,Leaf,DefectRate,2018,11.0
Nissan,Leaf,DefectRate,2019,7.0
Nissan,Xterra,QIRRate,1999,50.0
Nissan,Xterra,QIRRate,2000,60.0
Nissan,Xterra,QIRRate,2001,55.0
Nissan,Xterra,QIRRate,2002,55.0
Nissan,Xterra,QIRRate,2003,50.0
Nissan,Xterra,QIRRate,2004,50.0
Nissan,Xterra,QIRRate,2005,15.0
Nissan,Xterra,QIRRate,2006,20.0
Nissan,Xterra,QIRRate,2007,15.0
Nissan,Xterra,QIRRate,2008,75.0
Nissan,Xterra,QIRRate,2009,85.0
Nissan,Xterra,QIRRate,2010,95.0
Nissan,Xterra,QIRRate,2011,95.0
Nissan,Xterra,QIRRate,2012,95.0
Nissan,Xterra,QIRRate,2013,95.0
Nissan,Xterra,QIRRate,2014,95.0
Nissan,Xterra,DefectRate,1992,27.0
Nissan,Xterra,DefectRate,1993,27.0
Nissan,Xterra,DefectRate,1994,27.0
Nissan,Xterra,DefectRate,1995,26.0
Nissan,Xterra,DefectRate,1996,25.0
Nissan,Xterra,DefectRate,1997,25.0
Nissan,Xterra,DefectRate,1998,23.0
Nissan,Xterra,DefectRate,1999,23.0
Nissan,Xterra,DefectRate,2000,23.0
Nissan,Xterra,DefectRate,2001,21.0
Nissan,Xterra,DefectRate,2002,20.0
Nissan,Xterra,DefectRate,2003,20.0
Nissan,Xterra,DefectRate,2004,19.0
Nissan,Xterra,DefectRate,2005,26.0
Nissan,Xterra,DefectRate,2006,25.0
Nissan,Xterra,DefectRate,2007,17.0
Nissan,Xterra,DefectRate,2008,16.0
Nissan,Xterra,DefectRate,2009,16.0
Nissan,Xterra,DefectRate,2010,16.0
Nissan,Xterra,DefectRate,2011,17.0
Nissan,Xterra,DefectRate,2012,18.0
Nissan,Xterra,DefectRate,2013,19.0
Nissan,Xterra,DefectRate,2014,18.0
Nissan,Xterra,DefectRate,2015,7.0
Nissan,Xterra,DefectRate,2016,15.0
Nissan,Xterra,DefectRate,2017,14.0
Nissan,Xterra,DefectRate,2018,14.0
Nissan,Xterra,DefectRate,2019,7.0
Porsche,911,DefectRate,1992,27.0
Porsche,911,DefectRate,1993,27.0
Porsche,911,DefectRate,1994,27.0
Porsche,911,DefectRate,1995,15.0
Porsche,911,DefectRate,1996,15.0
Porsche,911,DefectRate,1997,27.0
Porsche,911,DefectRate,1998,0.0
Porsche,911,DefectRate,1999,12.0
Porsche,911,DefectRate,2000,10.0
Porsche,911,DefectRate,2001,10.0
Porsche,911,DefectRate,2002,9.0
Porsche,911,DefectRate,2003,9.0
Porsche,911,DefectRate,2004,9.0
Porsche,911,DefectRate,2005,9.0
Porsche,911,DefectRate,2006,8.0
Porsche,911,DefectRate,2007,6.0
Porsche,911,DefectRate,2008,6.0
Porsche,911,DefectRate,2009,6.0
Porsche,911,DefectRate,2010,9.0
Porsche,911,DefectRate,2011,11.0
Porsche,911,DefectRate,2012,6.0
Porsche,911,DefectRate,2013,6.0
Porsche,911,DefectRate,2014,4.0
Porsche,911,DefectRate,2015,4.0
Porsche,911,DefectRate,2016,6.0
Porsche,911,DefectRate,2017,1.0
Porsche,911,DefectRate,2018,1.0
Porsche,911,DefectRate,2019,1.0
Porsche,911,QIRRate,1998,78.0
Porsche,911,QIRRate,1999,86.0
Porsche,911,QIRRate,2000,86.0
Porsche,911,QIRRate,2001,84.0
Porsche,911,QIRRate,2002,88.0
Porsche,911,QIRRate,2003,86.0
Porsche,911,QIRRate,2004,84.0
Porsche,911,QIRRate,2005,86.0
Porsche,911,QIRRate,2006,84.0
Porsche,911,QIRRate,2007,88.0
Porsche,911,QIRRate,2008,82.0
Porsche,911,QIRRate,2013,98.0
Porsche,Cayman,QIRRate,2005,60.0
Porsche,Cayman,QIRRate,2006,98.0
Porsche,Cayman,DefectRate,1992,27.0
Porsche,Cayman,DefectRate,1993,27.0
Porsche,Cayman,DefectRate,1994,27.0
Porsche,Cayman,DefectRate,1995,26.0
Porsche,Cayman,DefectRate,1996,26.0
Porsche,Cayman,DefectRate,1997,25.0
Porsche,Cayman,DefectRate,1998,24.0
Porsche,Cayman,DefectRate,1999,24.0
Porsche,Cayman,DefectRate,2000,24.0
Porsche,Cayman,DefectRate,2001,23.0
Porsche,Cayman,DefectRate,2002,23.0
Porsche,Cayman,DefectRate,2003,21.0
Porsche,Cayman,DefectRate,2004,20.0
Porsche,Cayman,DefectRate,2005,18.0
Porsche,Cayman,DefectRate,2006,17.0
Porsche,Cayman,DefectRate,2007,17.0
Porsche,Cayman,DefectRate,2008,16.0
Porsche,Cayman,DefectRate,2009,16.0
Porsche,Cayman,DefectRate,2010,16.0
Porsche,Cayman,DefectRate,2011,16.0
Porsche,Cayman,DefectRate,2012,18.0
Porsche,Cayman,DefectRate,2013,18.0
Porsche,Cayman,DefectRate,2014,18.0
Porsche,Cayman,DefectRate,2015,17.0
Porsche,Cayman,DefectRate,2016,15.0
Porsche,Cayman,DefectRate,2017,14.0
Porsche,Cayman,DefectRate,2018,25.0
Porsche,Cayman,DefectRate,2019,7.0
Scion,iQ,DefectRate,1992,27.0
Scion,iQ,DefectRate,1993,27.0
Scion,iQ,DefectRate,1994,27.0
Scion,iQ,DefectRate,1995,26.0
Scion,iQ,DefectRate,1996,26.0
Scion,iQ,DefectRate,1997,25.0
Scion,iQ,DefectRate,1998,24.0
Scion,iQ,DefectRate,1999,24.0
Scion,iQ,DefectRate,2000,24.0
Scion,iQ,DefectRate,2001,23.0
Scion,iQ,DefectRate,2002,23.0
Scion,iQ,DefectRate,2003,21.0
Scion,iQ,DefectRate,2004,20.0
Scion,iQ,DefectRate,2005,19.0
Scion,iQ,DefectRate,2006,19.0
Scion,iQ,DefectRate,2007,17.0
Scion,iQ,DefectRate,2008,17.0
Scion,iQ,DefectRate,2009,17.0
Scion,iQ,DefectRate,2010,17.0
Scion,iQ,DefectRate,2011,17.0
Scion,iQ,DefectRate,2012,19.0
Scion,iQ,DefectRate,2013,19.0
Scion,iQ,DefectRate,2014,8.0
Scion,iQ,DefectRate,2015,17.0
Scion,iQ,DefectRate,2016,16.0
Scion,iQ,DefectRate,2017,14.0
Scion,iQ,DefectRate,2018,7.0
Scion,iQ,DefectRate,2019,7.0
Subaru,Impreza,DefectRate,1992,37.0
Subaru,Impreza,DefectRate,1993,37.0
Subaru,Impreza,DefectRate,1994,42.0
Subaru,Impreza,DefectRate,1995,25.0
Subaru,Impreza,DefectRate,1996,29.0
Subaru,Impreza,DefectRate,1997,27.0
Subaru,Impreza,DefectRate,1998,24.0
Subaru,Impreza,DefectRate,1999,34.0
Subaru,Impreza,DefectRate,2000,28.0
Subaru,Impreza,DefectRate,2001,14.0
Subaru,Impreza,DefectRate,2002,26.0
Subaru,Impreza,DefectRate,2003,19.0
Subaru,Impreza,DefectRate,2004,19.0
Subaru,Impreza,DefectRate,2005,20.0
Subaru,Impreza,DefectRate,2006,17.0
Subaru,Impreza,DefectRate,2007,17.0
Subaru,Impreza,DefectRate,2008,21.0
Subaru,Impreza,DefectRate,2009,20.0
Subaru,Impreza,DefectRate,2010,17.0
Subaru,Impreza,DefectRate,2011,17.0
Subaru,Impreza,DefectRate,2012,21.0
Subaru,Impreza,DefectRate,2013,19.0
Subaru,Impreza,DefectRate,2014,19.0
Subaru,Impreza,DefectRate,2015,14.0
Subaru,Impreza,DefectRate,2016,14.0
Subaru,Impreza,DefectRate,2017,11.0
Subaru,Impreza,DefectRate,2018,8.0
Subaru,Impreza,DefectRate,2019,6.0
Subaru,Impreza,QIRRate,2002,30.0
Subaru,Impreza,QIRRate,2003,50.0
Subaru,Impreza,QIRRate,2004,52.0
Subaru,Impreza,QIRRate,2005,50.0
Subaru,Impreza,QIRRate,2006,35.0
Subaru,Impreza,QIRRate,2007,40.0
Subaru,Impreza,QIRRate,2008,48.0
Subaru,Impreza,QIRRate,2009,48.0
Subaru,Impreza,QIRRate,2010,58.0
Subaru,Impreza,QIRRate,2011,45.0
Subaru,Impreza,QIRRate,2012,48.0
Subaru,Impreza,QIRRate,2013,45.0
Subaru,Impreza,QIRRate,2014,45.0
Subaru,Impreza,QIRRate,2015,80.0
Subaru,Impreza,QIRRate,2016,95.0
Subaru,Impreza,QIRRate,2017,95.0
Subaru,Impreza,QIRRate,2018,78.0
Subaru,Legacy,DefectRate,1992,27.0
Subaru,Legacy,DefectRate,1993,27.0
Subaru,Legacy,DefectRate,1994,27.0
Subaru,Legacy,DefectRate,1995,23.0
Subaru,Legacy,DefectRate,1996,37.0
Subaru,Legacy,DefectRate,1997,37.0
Subaru,Legacy,DefectRate,1998,37.0
Subaru,Legacy,DefectRate,1999,29.0
Subaru,Legacy,DefectRate,2000,27.0
Subaru,Legacy,DefectRate,2001,23.0
Subaru,Legacy,DefectRate,2002,23.0
Subaru,Legacy,DefectRate,2003,27.0
Subaru,Legacy,DefectRate,2004,29.0
Subaru,Legacy,DefectRate,2005,24.0
Subaru,Legacy,DefectRate,2006,24.0
Subaru,Legacy,DefectRate,2007,22.0
Subaru,Legacy,DefectRate,2008,22.0
Subaru,Legacy,DefectRate,2009,17.0
Subaru,Legacy,DefectRate,2010,17.0
Subaru,Legacy,DefectRate,2011,17.0
Subaru,Legacy,DefectRate,2012,26.0
Subaru,Legacy,DefectRate,2013,18.0
Subaru,Legacy,DefectRate,2014,18.0
Subaru,Legacy,DefectRate,2015,16.0
Subaru,Legacy,DefectRate,2016,15.0
Subaru,Legacy,DefectRate,2017,12.0
Subaru,Legacy,DefectRate,2018,12.0
Subaru,Legacy,DefectRate,2019,7.0
Subaru,Outback,DefectRate,1992,27.0
Subaru,Outback,DefectRate,1993,27.0
Subaru,Outback,DefectRate,1994,27.0
Subaru,Outback,DefectRate,1995,26.0
Subaru,Outback,DefectRate,1996,25.0
Subaru,Outback,DefectRate,1997,25.0
Subaru,Outback,DefectRate,1998,24.0
Subaru,Outback,DefectRate,1999,24.0
Subaru,Outback,DefectRate,2000,27.0
Subaru,Outback,DefectRate,2001,23.0
Subaru,Outback,DefectRate,2002,22.0
Subaru,Outback,DefectRate,2003,30.0
Subaru,Outback,DefectRate,2004,23.0
Subaru,Outback,DefectRate,2005,23.0
Subaru,Outback,DefectRate,2006,23.0
Subaru,Outback,DefectRate,2007,23.0
Subaru,Outback,DefectRate,2008,24.0
Subaru,Outback,DefectRate,2009,24.0
Subaru,Outback,DefectRate,2010,24.0
Subaru,Outback,DefectRate,2011,18.0
Subaru,Outback,DefectRate,2012,24.0
Subaru,Outback,DefectRate,2013,20.0
Subaru,Outback,DefectRate,2014,19.0
Subaru,Outback,DefectRate,2015,17.0
Subaru,Outback,DefectRate,2016,16.0
Subaru,Outback,DefectRate,2017,15.0
Subaru,Outback,DefectRate,2018,11.0
Subaru,Outback,DefectRate,2019,7.0
Subaru,Legacy,QIRRate,1994,37.0
Subaru,Legacy,QIRRate,1995,37.0
Subaru,Legacy,QIRRate,1996,8.0
Subaru,Legacy,QIRRate,1997,23.0
Subaru,Legacy,QIRRate,1998,2.0
Subaru,Legacy,QIRRate,1999,28.0
Subaru,Legacy,QIRRate,2000,32.0
Subaru,Legacy,QIRRate,2001,43.0
Subaru,Legacy,QIRRate,2002,44.0
Subaru,Legacy,QIRRate,2003,44.0
Subaru,Legacy,QIRRate,2004,18.0
Subaru,Legacy,QIRRate,2005,39.0
Subaru,Legacy,QIRRate,2006,31.0
Subaru,Legacy,QIRRate,2007,37.0
Subaru,Legacy,QIRRate,2008,43.0
Subaru,Legacy,QIRRate,2009,58.0
Subaru,Legacy,QIRRate,2010,75.0
Subaru,Legacy,QIRRate,2011,78.0
Subaru,Legacy,QIRRate,2012,52.0
Subaru,Legacy,QIRRate,2013,85.0
Subaru,Legacy,QIRRate,2014,58.0
Subaru,Legacy,QIRRate,2015,94.0
Subaru,Outback,QIRRate,1999,36.0
Subaru,Outback,QIRRate,2000,50.0
Subaru,Outback,QIRRate,2001,58.0
Subaru,Outback,QIRRate,2002,50.0
Subaru,Outback,QIRRate,2003,48.0
Subaru,Outback,QIRRate,2004,26.0
Subaru,Outback,QIRRate,2005,52.0
Subaru,Outback,QIRRate,2006,48.0
Subaru,Outback,QIRRate,2007,44.0
Subaru,Outback,QIRRate,2008,44.0
Subaru,Outback,QIRRate,2009,48.0
Subaru,Outback,QIRRate,2010,74.0
Subaru,Outback,QIRRate,2011,66.0
Subaru,Outback,QIRRate,2012,66.0
Subaru,Outback,QIRRate,2013,54.0
Subaru,Outback,QIRRate,2014,82.0
Subaru,Outback,QIRRate,2015,86.0
Subaru,Outback,QIRRate,2016,96.0
Subaru,Outback,QIRRate,2017,96.0
Subaru,Outback,QIRRate,2018,84.0
Toyota,4Runner,QIRRate,1992,2.0
Toyota,4Runner,QIRRate,1993,2.0
Toyota,4Runner,QIRRate,1994,40.0
Toyota,4Runner,QIRRate,1995,40.0
Toyota,4Runner,QIRRate,1996,67.0
Toyota,4Runner,QIRRate,1997,67.0
Toyota,4Runner,QIRRate,1998,76.0
Toyota,4Runner,QIRRate,1999,76.0
Toyota,4Runner,QIRRate,2000,86.0
Toyota,4Runner,QIRRate,2001,86.0
Toyota,4Runner,QIRRate,2002,90.0
Toyota,4Runner,QIRRate,2003,90.0
Toyota,4Runner,QIRRate,2004,97.0
Toyota,4Runner,QIRRate,2005,97.0
Toyota,4Runner,QIRRate,2006,97.0
Toyota,4Runner,QIRRate,2007,97.0
Toyota,4Runner,QIRRate,2008,97.0
Toyota,4Runner,QIRRate,2009,97.0
Toyota,4Runner,QIRRate,2010,97.0
Toyota,4Runner,QIRRate,2011,97.0
Toyota,4Runner,QIRRate,2012,97.0
Toyota,4Runner,QIRRate,2013,97.0
Toyota,4Runner,QIRRate,2014,97.0
Toyota,4Runner,QIRRate,2015,97.0
Toyota,4Runner,QIRRate,2016,97.0
Toyota,4Runner,QIRRate,2017,97.0
Toyota,4Runner,QIRRate,2018,97.0
Toyota,4Runner,DefectRate,1992,28.0
Toyota,4Runner,DefectRate,1993,28.0
Toyota,4Runner,DefectRate,1994,37.0
Toyota,4Runner,DefectRate,1995,27.0
Toyota,4Runner,DefectRate,1996,27.0
Toyota,4Runner,DefectRate,1997,25.0
Toyota,4Runner,DefectRate,1998,25.0
Toyota,4Runner,DefectRate,1999,24.0
Toyota,4Runner,DefectRate,2000,24.0
Toyota,4Runner,DefectRate,2001,17.0
Toyota,4Runner,DefectRate,2002,17.0
Toyota,4Runner,DefectRate,2003,17.0
Toyota,4Runner,DefectRate,2004,18.0
Toyota,4Runner,DefectRate,2005,18.0
Toyota,4Runner,DefectRate,2006,17.0
Toyota,4Runner,DefectRate,2007,17.0
Toyota,4Runner,DefectRate,2008,17.0
Toyota,4Runner,DefectRate,2009,17.0
Toyota,4Runner,DefectRate,2010,17.0
Toyota,4Runner,DefectRate,2011,18.0
Toyota,4Runner,DefectRate,2012,19.0
Toyota,4Runner,DefectRate,2013,19.0
Toyota,4Runner,DefectRate,2014,18.0
Toyota,4Runner,DefectRate,2015,16.0
Toyota,4Runner,DefectRate,2016,15.0
Toyota,4Runner,DefectRate,2017,15.0
Toyota,4Runner,DefectRate,2018,7.0
Toyota,4Runner,DefectRate,2019,7.0
Toyota,Avalon,DefectRate,1992,27.0
Toyota,Avalon,DefectRate,1993,27.0
Toyota,Avalon,DefectRate,1994,27.0
Toyota,Avalon,DefectRate,1995,24.0
Toyota,Avalon,DefectRate,1996,24.0
Toyota,Avalon,DefectRate,1997,24.0
Toyota,Avalon,DefectRate,1998,23.0
Toyota,Avalon,DefectRate,1999,23.0
Toyota,Avalon,DefectRate,2000,23.0
Toyota,Avalon,DefectRate,2001,22.0
Toyota,Avalon,DefectRate,2002,20.0
Toyota,Avalon,DefectRate,2003,18.0
Toyota,Avalon,DefectRate,2004,18.0
Toyota,Avalon,DefectRate,2005,18.0
Toyota,Avalon,DefectRate,2006,17.0
Toyota,Avalon,DefectRate,2007,17.0
Toyota,Avalon,DefectRate,2008,16.0
Toyota,Avalon,DefectRate,2009,16.0
Toyota,Avalon,DefectRate,2010,16.0
Toyota,Avalon,DefectRate,2011,17.0
Toyota,Avalon,DefectRate,2012,18.0
Toyota,Avalon,DefectRate,2013,19.0
Toyota,Avalon,DefectRate,2014,19.0
Toyota,Avalon,DefectRate,2015,17.0
Toyota,Avalon,DefectRate,2016,16.0
Toyota,Avalon,DefectRate,2017,14.0
Toyota,Avalon,DefectRate,2018,11.0
Toyota,Avalon,DefectRate,2019,7.0
Toyota,Avalon,QIRRate,1996,72.0
Toyota,Avalon,QIRRate,1997,72.0
Toyota,Avalon,QIRRate,1998,72.0
Toyota,Avalon,QIRRate,1999,72.0
Toyota,Avalon,QIRRate,2000,82.0
Toyota,Avalon,QIRRate,2001,86.0
Toyota,Avalon,QIRRate,2002,90.0
Toyota,Avalon,QIRRate,2003,96.0
Toyota,Avalon,QIRRate,2004,96.0
Toyota,Avalon,QIRRate,2005,96.0
Toyota,Avalon,QIRRate,2006,95.0
Toyota,Avalon,QIRRate,2007,97.0
Toyota,Avalon,QIRRate,2008,97.0
Toyota,Avalon,QIRRate,2016,97.0
Toyota,Camry,DefectRate,1992,27.0
Toyota,Camry,DefectRate,1993,27.0
Toyota,Camry,DefectRate,1994,27.0
Toyota,Camry,DefectRate,1995,23.0
Toyota,Camry,DefectRate,1996,23.0
Toyota,Camry,DefectRate,1997,22.0
Toyota,Camry,DefectRate,1998,22.0
Toyota,Camry,DefectRate,1999,24.0
Toyota,Camry,DefectRate,2000,24.0
Toyota,Camry,DefectRate,2001,21.0
Toyota,Camry,DefectRate,2002,21.0
Toyota,Camry,DefectRate,2003,19.0
Toyota,Camry,DefectRate,2004,17.0
Toyota,Camry,DefectRate,2005,17.0
Toyota,Camry,DefectRate,2006,17.0
Toyota,Camry,DefectRate,2007,17.0
Toyota,Camry,DefectRate,2008,17.0
Toyota,Camry,DefectRate,2009,17.0
Toyota,Camry,DefectRate,2010,17.0
Toyota,Camry,DefectRate,2011,17.0
Toyota,Camry,DefectRate,2012,19.0
Toyota,Camry,DefectRate,2013,19.0
Toyota,Camry,DefectRate,2014,19.0
Toyota,Camry,DefectRate,2015,17.0
Toyota,Camry,DefectRate,2016,15.0
Toyota,Camry,DefectRate,2017,15.0
Toyota,Camry,DefectRate,2018,11.0
Toyota,Camry,DefectRate,2019,7.0
Toyota,Camry,QIRRate,1992,20.0
Toyota,Camry,QIRRate,1993,20.0
Toyota,Camry,QIRRate,1994,43.0
Toyota,Camry,QIRRate,1995,57.0
Toyota,Camry,QIRRate,1996,57.0
Toyota,Camry,QIRRate,1997,52.0
Toyota,Camry,QIRRate,1998,57.0
Toyota,Camry,QIRRate,1999,67.0
Toyota,Camry,QIRRate,2000,67.0
Toyota,Camry,QIRRate,2001,78.0
Toyota,Camry,QIRRate,2002,80.0
Toyota,Camry,QIRRate,2003,94.0
Toyota,Camry,QIRRate,2004,94.0
Toyota,Camry,QIRRate,2005,96.0
Toyota,Camry,QIRRate,2006,96.0
Toyota,Camry,QIRRate,2007,85.0
Toyota,Camry,QIRRate,2008,95.0
Toyota,Camry,QIRRate,2009,95.0
Toyota,Camry,QIRRate,2010,90.0
Toyota,Camry,QIRRate,2011,95.0
Toyota,Camry,QIRRate,2012,95.0
Toyota,Camry,QIRRate,2013,90.0
Toyota,Camry,QIRRate,2014,90.0
Toyota,Camry,QIRRate,2015,95.0
Toyota,Camry,QIRRate,2016,95.0
Toyota,Camry,QIRRate,2017,95.0
Toyota,Corolla,DefectRate,1992,25.0
Toyota,Corolla,DefectRate,1993,25.0
Toyota,Corolla,DefectRate,1994,25.0
Toyota,Corolla,DefectRate,1995,24.0
Toyota,Corolla,DefectRate,1996,24.0
Toyota,Corolla,DefectRate,1997,24.0
Toyota,Corolla,DefectRate,1998,23.0
Toyota,Corolla,DefectRate,1999,23.0
Toyota,Corolla,DefectRate,2000,23.0
Toyota,Corolla,DefectRate,2001,22.0
Toyota,Corolla,DefectRate,2002,21.0
Toyota,Corolla,DefectRate,2003,20.0
Toyota,Corolla,DefectRate,2004,19.0
Toyota,Corolla,DefectRate,2005,18.0
Toyota,Corolla,DefectRate,2006,17.0
Toyota,Corolla,DefectRate,2007,17.0
Toyota,Corolla,DefectRate,2008,16.0
Toyota,Corolla,DefectRate,2009,16.0
Toyota,Corolla,DefectRate,2010,16.0
Toyota,Corolla,DefectRate,2011,16.0
Toyota,Corolla,DefectRate,2012,18.0
Toyota,Corolla,DefectRate,2013,18.0
Toyota,Corolla,DefectRate,2014,18.0
Toyota,Corolla,DefectRate,2015,17.0
Toyota,Corolla,DefectRate,2016,16.0
Toyota,Corolla,DefectRate,2017,15.0
Toyota,Corolla,DefectRate,2018,14.0
Toyota,Corolla,DefectRate,2019,7.0
Toyota,Corolla,QIRRate,1992,48.0
Toyota,Corolla,QIRRate,1993,48.0
Toyota,Corolla,QIRRate,1994,55.0
Toyota,Corolla,QIRRate,1995,60.0
Toyota,Corolla,QIRRate,1996,57.0
Toyota,Corolla,QIRRate,1997,57.0
Toyota,Corolla,QIRRate,1998,58.0
Toyota,Corolla,QIRRate,1999,58.0
Toyota,Corolla,QIRRate,2000,28.0
Toyota,Corolla,QIRRate,2001,48.0
Toyota,Corolla,QIRRate,2002,50.0
Toyota,Corolla,QIRRate,2003,82.0
Toyota,Corolla,QIRRate,2004,88.0
Toyota,Corolla,QIRRate,2005,90.0
Toyota,Corolla,QIRRate,2006,92.0
Toyota,Corolla,QIRRate,2007,92.0
Toyota,Corolla,QIRRate,2008,70.0
Toyota,Corolla,QIRRate,2009,98.0
Toyota,Corolla,QIRRate,2010,98.0
Toyota,Corolla,QIRRate,2011,98.0
Toyota,Corolla,QIRRate,2012,98.0
Toyota,Corolla,QIRRate,2013,98.0
Toyota,Corolla,QIRRate,2014,98.0
Toyota,Corolla,QIRRate,2015,98.0
Toyota,Corolla,QIRRate,2016,98.0
Toyota,Corolla,QIRRate,2017,98.0
Toyota,Corolla,QIRRate,2018,98.0
Toyota,Highlander,QIRRate,2001,73.0
Toyota,Highlander,QIRRate,2002,80.0
Toyota,Highlander,QIRRate,2003,80.0
Toyota,Highlander,QIRRate,2004,93.0
Toyota,Highlander,QIRRate,2005,94.0
Toyota,Highlander,QIRRate,2006,95.0
Toyota,Highlander,QIRRate,2007,95.0
Toyota,Highlander,QIRRate,2008,96.0
Toyota,Highlander,QIRRate,2009,96.0
Toyota,Highlander,QIRRate,2010,96.0
Toyota,Highlander,QIRRate,2011,96.0
Toyota,Highlander,QIRRate,2012,96.0
Toyota,Highlander,QIRRate,2013,96.0
Toyota,Highlander,QIRRate,2014,96.0
Toyota,Highlander,QIRRate,2015,96.0
Toyota,Highlander,QIRRate,2016,96.0
Toyota,Highlander,QIRRate,2017,96.0
Toyota,Highlander,QIRRate,2018,96.0
Toyota,Highlander,DefectRate,1992,27.0
Toyota,Highlander,DefectRate,1993,27.0
Toyota,Highlander,DefectRate,1994,27.0
Toyota,Highlander,DefectRate,1995,26.0
Toyota,Highlander,DefectRate,1996,26.0
Toyota,Highlander,DefectRate,1997,25.0
Toyota,Highlander,DefectRate,1998,24.0
Toyota,Highlander,DefectRate,1999,24.0
Toyota,Highlander,DefectRate,2000,24.0
Toyota,Highlander,DefectRate,2001,23.0
Toyota,Highlander,DefectRate,2002,22.0
Toyota,Highlander,DefectRate,2003,20.0
Toyota,Highlander,DefectRate,2004,19.0
Toyota,Highlander,DefectRate,2005,18.0
Toyota,Highlander,DefectRate,2006,17.0
Toyota,Highlander,DefectRate,2007,17.0
Toyota,Highlander,DefectRate,2008,17.0
Toyota,Highlander,DefectRate,2009,17.0
Toyota,Highlander,DefectRate,2010,17.0
Toyota,Highlander,DefectRate,2011,17.0
Toyota,Highlander,DefectRate,2012,18.0
Toyota,Highlander,DefectRate,2013,19.0
Toyota,Highlander,DefectRate,2014,19.0
Toyota,Highlander,DefectRate,2015,17.0
Toyota,Highlander,DefectRate,2016,15.0
Toyota,Highlander,DefectRate,2017,14.0
Toyota,Highlander,DefectRate,2018,11.0
Toyota,Highlander,DefectRate,2019,7.0
Toyota,Prius,DefectRate,1992,27.0
Toyota,Prius,DefectRate,1993,27.0
Toyota,Prius,DefectRate,1994,27.0
Toyota,Prius,DefectRate,1995,26.0
Toyota,Prius,DefectRate,1996,26.0
Toyota,Prius,DefectRate,1997,25.0
Toyota,Prius,DefectRate,1998,24.0
Toyota,Prius,DefectRate,1999,24.0
Toyota,Prius,DefectRate,2000,24.0
Toyota,Prius,DefectRate,2001,23.0
Toyota,Prius,DefectRate,2002,22.0
Toyota,Prius,DefectRate,2003,20.0
Toyota,Prius,DefectRate,2004,19.0
Toyota,Prius,DefectRate,2005,18.0
Toyota,Prius,DefectRate,2006,17.0
Toyota,Prius,DefectRate,2007,17.0
Toyota,Prius,DefectRate,2008,17.0
Toyota,Prius,DefectRate,2009,17.0
Toyota,Prius,DefectRate,2010,17.0
Toyota,Prius,DefectRate,2011,17.0
Toyota,Prius,DefectRate,2012,18.0
Toyota,Prius,DefectRate,2013,19.0
Toyota,Prius,DefectRate,2014,19.0
Toyota,Prius,DefectRate,2015,17.0
Toyota,Prius,DefectRate,2016,15.0
Toyota,Prius,DefectRate,2017,14.0
Toyota,Prius,DefectRate,2018,11.0
Toyota,Prius,DefectRate,2019,7.0
Toyota,Prius,QIRRate,2000,75.0
Toyota,Prius,QIRRate,2001,75.0
Toyota,Prius,QIRRate,2002,85.0
Toyota,Prius,QIRRate,2003,60.0
Toyota,Prius,QIRRate,2004,88.0
Toyota,Prius,QIRRate,2005,87.0
Toyota,Prius,QIRRate,2006,88.0
Toyota,Prius,QIRRate,2007,90.0
Toyota,Prius,QIRRate,2008,98.0
Toyota,Prius,QIRRate,2009,98.0
Toyota,Prius,QIRRate,2010,98.0
Toyota,Prius,QIRRate,2011,98.0
Toyota,Prius,QIRRate,2012,98.0
Toyota,Prius,QIRRate,2013,98.0
Toyota,Prius,QIRRate,2014,98.0
Toyota,Prius,QIRRate,2015,98.0
Toyota,Prius,QIRRate,2016,98.0
Toyota,Prius,QIRRate,2017,98.0
Toyota,Prius,QIRRate,2018,98.0
Toyota,Sequoia,DefectRate,1992,27.0
Toyota,Sequoia,DefectRate,1993,27.0
Toyota,Sequoia,DefectRate,1994,27.0
Toyota,Sequoia,DefectRate,1995,27.0
Toyota,Sequoia,DefectRate,1996,25.0
Toyota,Sequoia,DefectRate,1997,25.0
Toyota,Sequoia,DefectRate,1998,23.0
Toyota,Sequoia,DefectRate,1999,23.0
Toyota,Sequoia,DefectRate,2000,23.0
Toyota,Sequoia,DefectRate,2001,22.0
Toyota,Sequoia,DefectRate,2002,20.0
Toyota,Sequoia,DefectRate,2003,20.0
Toyota,Sequoia,DefectRate,2004,19.0
Toyota,Sequoia,DefectRate,2005,18.0
Toyota,Sequoia,DefectRate,2006,17.0
Toyota,Sequoia,DefectRate,2007,17.0
Toyota,Sequoia,DefectRate,2008,28.0
Toyota,Sequoia,DefectRate,2009,16.0
Toyota,Sequoia,DefectRate,2010,16.0
Toyota,Sequoia,DefectRate,2011,17.0
Toyota,Sequoia,DefectRate,2012,18.0
Toyota,Sequoia,DefectRate,2013,18.0
Toyota,Sequoia,DefectRate,2014,18.0
Toyota,Sequoia,DefectRate,2015,16.0
Toyota,Sequoia,DefectRate,2016,14.0
Toyota,Sequoia,DefectRate,2017,14.0
Toyota,Sequoia,DefectRate,2018,7.0
Toyota,Sequoia,DefectRate,2019,20.0
Toyota,Sequoia,QIRRate,2000,85.0
Toyota,Sequoia,QIRRate,2001,90.0
Toyota,Sequoia,QIRRate,2002,90.0
Toyota,Sequoia,QIRRate,2003,95.0
Toyota,Sequoia,QIRRate,2004,95.0
Toyota,Sequoia,QIRRate,2005,95.0
Toyota,Sequoia,QIRRate,2006,97.0
Toyota,Sequoia,QIRRate,2007,97.0
Toyota,Sequoia,QIRRate,2008,97.0
Toyota,Sequoia,QIRRate,2009,97.0
Toyota,Sequoia,QIRRate,2010,97.0
Toyota,Sequoia,QIRRate,2011,97.0
Toyota,Sequoia,QIRRate,2012,97.0
Toyota,Sequoia,QIRRate,2013,97.0
Toyota,Sequoia,QIRRate,2014,97.0
Toyota,Sienna,DefectRate,1992,27.0
Toyota,Sienna,DefectRate,1993,27.0
Toyota,Sienna,DefectRate,1994,27.0
Toyota,Sienna,DefectRate,1995,26.0
Toyota,Sienna,DefectRate,1996,26.0
Toyota,Sienna,DefectRate,1997,24.0
Toyota,Sienna,DefectRate,1998,24.0
Toyota,Sienna,DefectRate,1999,23.0
Toyota,Sienna,DefectRate,2000,23.0
Toyota,Sienna,DefectRate,2001,23.0
Toyota,Sienna,DefectRate,2002,21.0
Toyota,Sienna,DefectRate,2003,20.0
Toyota,Sienna,DefectRate,2004,19.0
Toyota,Sienna,DefectRate,2005,18.0
Toyota,Sienna,DefectRate,2006,17.0
Toyota,Sienna,DefectRate,2007,17.0
Toyota,Sienna,DefectRate,2008,16.0
Toyota,Sienna,DefectRate,2009,16.0
Toyota,Sienna,DefectRate,2010,16.0
Toyota,Sienna,DefectRate,2011,16.0
Toyota,Sienna,DefectRate,2012,18.0
Toyota,Sienna,DefectRate,2013,18.0
Toyota,Sienna,DefectRate,2014,18.0
Toyota,Sienna,DefectRate,2015,17.0
Toyota,Sienna,DefectRate,2016,15.0
Toyota,Sienna,DefectRate,2017,14.0
Toyota,Sienna,DefectRate,2018,7.0
Toyota,Sienna,DefectRate,2019,7.0
Toyota,Sienna,QIRRate,1998,60.0
Toyota,Sienna,QIRRate,1999,65.0
Toyota,Sienna,QIRRate,2000,65.0
Toyota,Sienna,QIRRate,2001,67.0
Toyota,Sienna,QIRRate,2002,80.0
Toyota,Sienna,QIRRate,2003,85.0
Toyota,Sienna,QIRRate,2004,90.0
Toyota,Sienna,QIRRate,2005,90.0
Toyota,Sienna,QIRRate,2006,85.0
Toyota,Sienna,QIRRate,2007,75.0
Toyota,Sienna,QIRRate,2008,75.0
Toyota,Sienna,QIRRate,2009,77.0
Toyota,Sienna,QIRRate,2010,50.0
Toyota,Sienna,QIRRate,2017,95.0
Toyota,Sienna,QIRRate,2018,95.0
Toyota,Tacoma,DefectRate,1992,27.0
Toyota,Tacoma,DefectRate,1993,27.0
Toyota,Tacoma,DefectRate,1994,27.0
Toyota,Tacoma,DefectRate,1995,26.0
Toyota,Tacoma,DefectRate,1996,25.0
Toyota,Tacoma,DefectRate,1997,24.0
Toyota,Tacoma,DefectRate,1998,23.0
Toyota,Tacoma,DefectRate,1999,23.0
Toyota,Tacoma,DefectRate,2000,23.0
Toyota,Tacoma,DefectRate,2001,18.0
Toyota,Tacoma,DefectRate,2002,12.0
Toyota,Tacoma,DefectRate,2003,10.0
Toyota,Tacoma,DefectRate,2004,8.0
Toyota,Tacoma,DefectRate,2005,8.0
Toyota,Tacoma,DefectRate,2006,8.0
Toyota,Tacoma,DefectRate,2007,7.0
Toyota,Tacoma,DefectRate,2008,7.0
Toyota,Tacoma,DefectRate,2009,7.0
Toyota,Tacoma,DefectRate,2010,7.0
Toyota,Tacoma,DefectRate,2011,7.0
Toyota,Tacoma,DefectRate,2012,18.0
Toyota,Tacoma,DefectRate,2013,19.0
Toyota,Tacoma,DefectRate,2014,19.0
Toyota,Tacoma,DefectRate,2015,17.0
Toyota,Tacoma,DefectRate,2016,15.0
Toyota,Tacoma,DefectRate,2017,14.0
Toyota,Tacoma,DefectRate,2018,7.0
Toyota,Tacoma,DefectRate,2019,7.0
Toyota,Tundra,DefectRate,1992,27.0
Toyota,Tundra,DefectRate,1993,27.0
Toyota,Tundra,DefectRate,1994,27.0
Toyota,Tundra,DefectRate,1995,26.0
Toyota,Tundra,DefectRate,1996,26.0
Toyota,Tundra,DefectRate,1997,25.0
Toyota,Tundra,DefectRate,1998,24.0
Toyota,Tundra,DefectRate,1999,24.0
Toyota,Tundra,DefectRate,2000,23.0
Toyota,Tundra,DefectRate,2001,16.0
Toyota,Tundra,DefectRate,2002,11.0
Toyota,Tundra,DefectRate,2003,12.0
Toyota,Tundra,DefectRate,2004,19.0
Toyota,Tundra,DefectRate,2005,18.0
Toyota,Tundra,DefectRate,2006,17.0
Toyota,Tundra,DefectRate,2007,17.0
Toyota,Tundra,DefectRate,2008,16.0
Toyota,Tundra,DefectRate,2009,16.0
Toyota,Tundra,DefectRate,2010,16.0
Toyota,Tundra,DefectRate,2011,17.0
Toyota,Tundra,DefectRate,2012,18.0
Toyota,Tundra,DefectRate,2013,19.0
Toyota,Tundra,DefectRate,2014,19.0
Toyota,Tundra,DefectRate,2015,17.0
Toyota,Tundra,DefectRate,2016,15.0
Toyota,Tundra,DefectRate,2017,14.0
Toyota,Tundra,DefectRate,2018,11.0
Toyota,Tundra,DefectRate,2019,7.0
Toyota,Tacoma,QIRRate,1992,70.0
Toyota,Tacoma,QIRRate,1993,70.0
Toyota,Tacoma,QIRRate,1994,70.0
Toyota,Tacoma,QIRRate,1995,70.0
Toyota,Tacoma,QIRRate,1996,80.0
Toyota,Tacoma,QIRRate,1997,85.0
Toyota,Tacoma,QIRRate,1998,90.0
Toyota,Tacoma,QIRRate,1999,88.0
Toyota,Tacoma,QIRRate,2000,80.0
Toyota,Tacoma,QIRRate,2001,75.0
Toyota,Tacoma,QIRRate,2002,95.0
Toyota,Tacoma,QIRRate,2003,95.0
Toyota,Tacoma,QIRRate,2004,95.0
Toyota,Tacoma,QIRRate,2005,95.0
Toyota,Tacoma,QIRRate,2006,97.0
Toyota,Tacoma,QIRRate,2007,97.0
Toyota,Tacoma,QIRRate,2008,97.0
Toyota,Tacoma,QIRRate,2009,95.0
Toyota,Tacoma,QIRRate,2010,95.0
Toyota,Tacoma,QIRRate,2011,95.0
Toyota,Tacoma,QIRRate,2012,95.0
Toyota,Tacoma,QIRRate,2013,95.0
Toyota,Tacoma,QIRRate,2014,95.0
Toyota,Tacoma,QIRRate,2015,95.0
Toyota,Tacoma,QIRRate,2016,95.0
Toyota,Tacoma,QIRRate,2017,95.0
Toyota,Tacoma,QIRRate,2018,98.0
Toyota,Tundra,QIRRate,2000,80.0
Toyota,Tundra,QIRRate,2001,90.0
Toyota,Tundra,QIRRate,2002,90.0
Toyota,Tundra,QIRRate,2003,95.0
Toyota,Tundra,QIRRate,2004,95.0
Toyota,Tundra,QIRRate,2005,95.0
Toyota,Tundra,QIRRate,2006,95.0
Toyota,Tundra,QIRRate,2007,95.0
Toyota,Tundra,QIRRate,2008,95.0
Toyota,Tundra,QIRRate,2009,95.0
Toyota,Tundra,QIRRate,2010,95.0
Toyota,Tundra,QIRRate,2011,95.0
Toyota,Tundra,QIRRate,2012,95.0
Toyota,Tundra,QIRRate,2013,95.0
Toyota,Tundra,QIRRate,2014,95.0
Toyota,Tundra,QIRRate,2015,95.0
Toyota,Tundra,QIRRate,2016,95.0
Toyota,Tundra,QIRRate,2017,95.0
Toyota,Tundra,QIRRate,2018,95.0
Toyota,Yaris,QIRRate,2007,95.0
Toyota,Yaris,QIRRate,2008,95.0
Toyota,Yaris,QIRRate,2009,95.0
Toyota,Yaris,QIRRate,2010,95.0
Toyota,Yaris,QIRRate,2011,95.0
Toyota,Yaris,QIRRate,2012,95.0
Toyota,Yaris,QIRRate,2013,80.0
Toyota,Yaris,QIRRate,2017,95.0
Toyota,Yaris,DefectRate,1992,27.0
Toyota,Yaris,DefectRate,1993,27.0
Toyota,Yaris,DefectRate,1994,27.0
Toyota,Yaris,DefectRate,1995,26.0
Toyota,Yaris,DefectRate,1996,26.0
Toyota,Yaris,DefectRate,1997,25.0
Toyota,Yaris,DefectRate,1998,24.0
Toyota,Yaris,DefectRate,1999,24.0
Toyota,Yaris,DefectRate,2000,24.0
Toyota,Yaris,DefectRate,2001,23.0
Toyota,Yaris,DefectRate,2002,23.0
Toyota,Yaris,DefectRate,2003,21.0
Toyota,Yaris,DefectRate,2004,20.0
Toyota,Yaris,DefectRate,2005,19.0
Toyota,Yaris,DefectRate,2006,17.0
Toyota,Yaris,DefectRate,2007,17.0
Toyota,Yaris,DefectRate,2008,17.0
Toyota,Yaris,DefectRate,2009,17.0
Toyota,Yaris,DefectRate,2010,17.0
Toyota,Yaris,DefectRate,2011,17.0
Toyota,Yaris,DefectRate,2012,18.0
Toyota,Yaris,DefectRate,2013,19.0
Toyota,Yaris,DefectRate,2014,19.0
Toyota,Yaris,DefectRate,2015,18.0
Toyota,Yaris,DefectRate,2016,16.0
Toyota,Yaris,DefectRate,2017,14.0
Toyota,Yaris,DefectRate,2018,11.0
Toyota,Yaris,DefectRate,2019,7.0
Volkswagen,CC,QIRRate,2008,48.0
Volkswagen,CC,QIRRate,2009,48.0
Volkswagen,CC,QIRRate,2010,4.0
Volkswagen,CC,QIRRate,2011,12.0
Volkswagen,CC,QIRRate,2012,36.0
Volkswagen,CC,QIRRate,2013,52.0
Volkswagen,CC,QIRRate,2014,50.0
Volkswagen,CC,DefectRate,1992,28.0
Volkswagen,CC,DefectRate,1993,28.0
Volkswagen,CC,DefectRate,1994,27.0
Volkswagen,CC,DefectRate,1995,27.0
Volkswagen,CC,DefectRate,1996,26.0
Volkswagen,CC,DefectRate,1997,25.0
Volkswagen,CC,DefectRate,1998,24.0
Volkswagen,CC,DefectRate,1999,24.0
Volkswagen,CC,DefectRate,2000,23.0
Volkswagen,CC,DefectRate,2001,23.0
Volkswagen,CC,DefectRate,2002,22.0
Volkswagen,CC,DefectRate,2003,21.0
Volkswagen,CC,DefectRate,2004,20.0
Volkswagen,CC,DefectRate,2005,19.0
Volkswagen,CC,DefectRate,2006,18.0
Volkswagen,CC,DefectRate,2007,17.0
Volkswagen,CC,DefectRate,2008,17.0
Volkswagen,CC,DefectRate,2009,20.0
Volkswagen,CC,DefectRate,2010,27.0
Volkswagen,CC,DefectRate,2011,26.0
Volkswagen,CC,DefectRate,2012,25.0
Volkswagen,CC,DefectRate,2013,24.0
Volkswagen,CC,DefectRate,2014,23.0
Volkswagen,CC,DefectRate,2015,16.0
Volkswagen,CC,DefectRate,2016,12.0
Volkswagen,CC,DefectRate,2017,29.0
Volkswagen,CC,DefectRate,2018,7.0
Volkswagen,Eos,QIRRate,2006,50.0
Volkswagen,Eos,QIRRate,2007,50.0
Volkswagen,Eos,QIRRate,2008,35.0
Volkswagen,Eos,QIRRate,2009,40.0
Volkswagen,Eos,QIRRate,2010,10.0
Volkswagen,Eos,QIRRate,2011,65.0
Volkswagen,Eos,QIRRate,2012,75.0
Volkswagen,Eos,DefectRate,1992,27.0
Volkswagen,Eos,DefectRate,1993,27.0
Volkswagen,Eos,DefectRate,1994,27.0
Volkswagen,Eos,DefectRate,1995,26.0
Volkswagen,Eos,DefectRate,1996,26.0
Volkswagen,Eos,DefectRate,1997,25.0
Volkswagen,Eos,DefectRate,1998,24.0
Volkswagen,Eos,DefectRate,1999,24.0
Volkswagen,Eos,DefectRate,2000,24.0
Volkswagen,Eos,DefectRate,2001,23.0
Volkswagen,Eos,DefectRate,2002,23.0
Volkswagen,Eos,DefectRate,2003,21.0
Volkswagen,Eos,DefectRate,2004,19.0
Volkswagen,Eos,DefectRate,2005,19.0
Volkswagen,Eos,DefectRate,2006,18.0
Volkswagen,Eos,DefectRate,2007,17.0
Volkswagen,Eos,DefectRate,2008,22.0
Volkswagen,Eos,DefectRate,2009,23.0
Volkswagen,Eos,DefectRate,2010,17.0
Volkswagen,Eos,DefectRate,2011,17.0
Volkswagen,Eos,DefectRate,2012,18.0
Volkswagen,Eos,DefectRate,2013,18.0
Volkswagen,Eos,DefectRate,2014,19.0
Volkswagen,Eos,DefectRate,2015,17.0
Volkswagen,Eos,DefectRate,2016,16.0
Volkswagen,Eos,DefectRate,2017,11.0
Volkswagen,Eos,DefectRate,2018,11.0
Volkswagen,Eos,DefectRate,2019,7.0
Volkswagen,Golf,DefectRate,1992,27.0
Volkswagen,Golf,DefectRate,1993,27.0
Volkswagen,Golf,DefectRate,1994,27.0
Volkswagen,Golf,DefectRate,1995,43.0
Volkswagen,Golf,DefectRate,1996,43.0
Volkswagen,Golf,DefectRate,1997,37.0
Volkswagen,Golf,DefectRate,1998,33.0
Volkswagen,Golf,DefectRate,1999,32.0
Volkswagen,Golf,DefectRate,2000,23.0
Volkswagen,Golf,DefectRate,2001,30.0
Volkswagen,Golf,DefectRate,2002,22.0
Volkswagen,Golf,DefectRate,2003,20.0
Volkswagen,Golf,DefectRate,2004,22.0
Volkswagen,Golf,DefectRate,2005,22.0
Volkswagen,Golf,DefectRate,2006,22.0
Volkswagen,Golf,DefectRate,2007,22.0
Volkswagen,Golf,DefectRate,2008,22.0
Volkswagen,Golf,DefectRate,2009,16.0
Volkswagen,Golf,DefectRate,2010,17.0
Volkswagen,Golf,DefectRate,2011,17.0
Volkswagen,Golf,DefectRate,2012,17.0
Volkswagen,Golf,DefectRate,2013,18.0
Volkswagen,Golf,DefectRate,2014,17.0
Volkswagen,Golf,DefectRate,2015,16.0
Volkswagen,Golf,DefectRate,2016,15.0
Volkswagen,Golf,DefectRate,2017,11.0
Volkswagen,Golf,DefectRate,2018,8.0
Volkswagen,Golf,DefectRate,2019,7.0
Volkswagen,Golf,QIRRate,2000,48.0
Volkswagen,Golf,QIRRate,2001,18.0
Volkswagen,Golf,QIRRate,2002,38.0
Volkswagen,Golf,QIRRate,2003,42.0
Volkswagen,Golf,QIRRate,2004,40.0
Volkswagen,Golf,QIRRate,2005,4.0
Volkswagen,Golf,QIRRate,2010,75.0
Volkswagen,Golf,QIRRate,2011,65.0
Volkswagen,Golf,QIRRate,2012,90.0
Volkswagen,Golf,QIRRate,2015,98.0
Volkswagen,Golf,QIRRate,2016,95.0
Volvo,S60,DefectRate,1992,28.0
Volvo,S60,DefectRate,1993,28.0
Volvo,S60,DefectRate,1994,27.0
Volvo,S60,DefectRate,1995,27.0
Volvo,S60,DefectRate,1996,26.0
Volvo,S60,DefectRate,1997,25.0
Volvo,S60,DefectRate,1998,24.0
Volvo,S60,DefectRate,1999,24.0
Volvo,S60,DefectRate,2000,24.0
Volvo,S60,DefectRate,2001,22.0
Volvo,S60,DefectRate,2002,33.0
Volvo,S60,DefectRate,2003,32.0
Volvo,S60,DefectRate,2004,26.0
Volvo,S60,DefectRate,2005,24.0
Volvo,S60,DefectRate,2006,24.0
Volvo,S60,DefectRate,2007,20.0
Volvo,S60,DefectRate,2008,16.0
Volvo,S60,DefectRate,2009,16.0
Volvo,S60,DefectRate,2010,16.0
Volvo,S60,DefectRate,2011,16.0
Volvo,S60,DefectRate,2012,24.0
Volvo,S60,DefectRate,2013,24.0
Volvo,S60,DefectRate,2014,24.0
Volvo,S60,DefectRate,2015,18.0
Volvo,S60,DefectRate,2016,18.0
Volvo,S60,DefectRate,2017,14.0
Volvo,S60,DefectRate,2018,17.0
Volvo,S60,DefectRate,2019,7.0
Volvo,S60,QIRRate,2000,50.0
Volvo,S60,QIRRate,2001,50.0
Volvo,S60,QIRRate,2002,15.0
Volvo,S60,QIRRate,2003,35.0
Volvo,S60,QIRRate,2004,48.0
Volvo,S60,QIRRate,2005,48.0
Volvo,S60,QIRRate,2006,40.0
Volvo,S60,QIRRate,2007,50.0
Volvo,S60,QIRRate,2008,70.0
Volvo,S60,QIRRate,2009,88.0
Volvo,S60,QIRRate,2010,85.0
Volvo,S60,QIRRate,2011,50.0
Volvo,S60,QIRRate,2013,58.0
Volvo,S60,QIRRate,2014,52.0
Volvo,S60,QIRRate,2015,50.0
Volvo,S80,DefectRate,1992,24.0
Volvo,S80,DefectRate,1993,24.0
Volvo,S80,DefectRate,1994,24.0
Volvo,S80,DefectRate,1995,24.0
Volvo,S80,DefectRate,1996,25.0
Volvo,S80,DefectRate,1997,25.0
Volvo,S80,DefectRate,1998,24.0
Volvo,S80,DefectRate,1999,23.0
Volvo,S80,DefectRate,2000,23.0
Volvo,S80,DefectRate,2001,22.0
Volvo,S80,DefectRate,2002,22.0
Volvo,S80,DefectRate,2003,21.0
Volvo,S80,DefectRate,2004,21.0
Volvo,S80,DefectRate,2005,18.0
Volvo,S80,DefectRate,2006,18.0
Volvo,S80,DefectRate,2007,17.0
Volvo,S80,DefectRate,2008,16.0
Volvo,S80,DefectRate,2009,16.0
Volvo,S80,DefectRate,2010,16.0
Volvo,S80,DefectRate,2011,17.0
Volvo,S80,DefectRate,2012,18.0
Volvo,S80,DefectRate,2013,18.0
Volvo,S80,DefectRate,2014,18.0
Volvo,S80,DefectRate,2015,16.0
Volvo,S80,DefectRate,2016,27.0
Volvo,S80,DefectRate,2017,15.0
Volvo,S80,DefectRate,2018,10.0
Volvo,S80,DefectRate,2019,7.0
Volvo,S80,QIRRate,1998,10.0
Volvo,S80,QIRRate,1999,37.0
Volvo,S80,QIRRate,2000,37.0
Volvo,S80,QIRRate,2001,18.0
Volvo,S80,QIRRate,2002,37.0
Volvo,S80,QIRRate,2003,43.0
Volvo,S80,QIRRate,2004,58.0
Volvo,S80,QIRRate,2005,50.0
Volvo,S80,QIRRate,2006,55.0
Volvo,S80,QIRRate,2007,43.0
Volvo,S80,QIRRate,2008,88.0
Volvo,S80,QIRRate,2009,67.0
Volvo,S80,QIRRate,2010,88.0
Volvo,V90,DefectRate,1993,28.0
Volvo,V90,DefectRate,1994,28.0
Volvo,V90,DefectRate,1995,29.0
Volvo,V90,DefectRate,1996,27.0
Volvo,V90,DefectRate,1997,27.0
Volvo,V90,DefectRate,1998,22.0
Volvo,V90,DefectRate,1999,17.0
Volvo,V90,DefectRate,2000,24.0
Volvo,V90,DefectRate,2001,22.0
Volvo,V90,DefectRate,2002,22.0
Volvo,V90,DefectRate,2003,18.0
Volvo,V90,DefectRate,2004,17.0
Volvo,V90,DefectRate,2005,15.0
Volvo,V90,DefectRate,2006,14.0
Volvo,V90,DefectRate,2007,12.0
Volvo,V90,DefectRate,2008,12.0
Volvo,V90,DefectRate,2009,8.0
Volvo,V90,DefectRate,2010,8.0
Volvo,V90,DefectRate,2011,8.0
Volvo,V90,DefectRate,2012,10.0
Volvo,V90,DefectRate,2013,6.0
Volvo,V90,DefectRate,2014,1.0
Volvo,V90,DefectRate,2015,1.0
Volvo,XC60,QIRRate,2010,90.0
Volvo,XC60,QIRRate,2011,85.0
Volvo,XC60,QIRRate,2012,80.0
Volvo,XC60,QIRRate,2013,75.0
Volvo,XC60,QIRRate,2014,50.0
Volvo,XC60,QIRRate,2015,55.0
Volvo,XC60,DefectRate,1992,27.0
Volvo,XC60,DefectRate,1993,27.0
Volvo,XC60,DefectRate,1994,26.0
Volvo,XC60,DefectRate,1995,27.0
Volvo,XC60,DefectRate,1996,25.0
Volvo,XC60,DefectRate,1997,25.0
Volvo,XC60,DefectRate,1998,24.0
Volvo,XC60,DefectRate,1999,24.0
Volvo,XC60,DefectRate,2000,23.0
Volvo,XC60,DefectRate,2001,23.0
Volvo,XC60,DefectRate,2002,22.0
Volvo,XC60,DefectRate,2003,20.0
Volvo,XC60,DefectRate,2004,19.0
Volvo,XC60,DefectRate,2005,19.0
Volvo,XC60,DefectRate,2006,18.0
Volvo,XC60,DefectRate,2007,17.0
Volvo,XC60,DefectRate,2008,16.0
Volvo,XC60,DefectRate,2009,16.0
Volvo,XC60,DefectRate,2010,16.0
Volvo,XC60,DefectRate,2011,16.0
Volvo,XC60,DefectRate,2012,17.0
Volvo,XC60,DefectRate,2013,18.0
Volvo,XC60,DefectRate,2014,27.0
Volvo,XC60,DefectRate,2015,30.0
Volvo,XC60,DefectRate,2016,30.0
Volvo,XC60,DefectRate,2017,15.0
Volvo,XC60,DefectRate,2018,10.0
Volvo,XC60,DefectRate,2019,8.0
Volvo,XC70,QIRRate,2002,7.0
Volvo,XC70,QIRRate,2003,45.0
Volvo,XC70,QIRRate,2004,45.0
Volvo,XC70,QIRRate,2005,23.0
Volvo,XC70,QIRRate,2006,48.0
Volvo,XC70,QIRRate,2007,70.0
Volvo,XC70,QIRRate,2008,95.0
Volvo,XC70,QIRRate,2009,95.0
Volvo,XC70,QIRRate,2010,97.0
Volvo,XC70,QIRRate,2011,75.0
Volvo,XC70,DefectRate,1992,28.0
Volvo,XC70,DefectRate,1993,28.0
Volvo,XC70,DefectRate,1994,27.0
Volvo,XC70,DefectRate,1995,27.0
Volvo,XC70,DefectRate,1996,26.0
Volvo,XC70,DefectRate,1997,25.0
Volvo,XC70,DefectRate,1998,24.0
Volvo,XC70,DefectRate,1999,24.0
Volvo,XC70,DefectRate,2000,23.0
Volvo,XC70,DefectRate,2001,23.0
Volvo,XC70,DefectRate,2002,20.0
Volvo,XC70,DefectRate,2003,32.0
Volvo,XC70,DefectRate,2004,25.0
Volvo,XC70,DefectRate,2005,32.0
Volvo,XC70,DefectRate,2006,18.0
Volvo,XC70,DefectRate,2007,18.0
Volvo,XC70,DefectRate,2008,16.0
Volvo,XC70,DefectRate,2009,16.0
Volvo,XC70,DefectRate,2010,16.0
Volvo,XC70,DefectRate,2011,17.0
Volvo,XC70,DefectRate,2012,18.0
Volvo,XC70,DefectRate,2013,19.0
Volvo,XC70,DefectRate,2014,6.0
Volvo,XC70,DefectRate,2015,29.0
Volvo,XC70,DefectRate,2016,29.0
Volvo,XC70,DefectRate,2017,15.0
Volvo,XC70,DefectRate,2018,8.0
Volvo,XC70,DefectRate,2019,8.0
